-- phpMyAdmin SQL Dump
-- version 5.2.1
-- https://www.phpmyadmin.net/
--
-- Máy chủ: 127.0.0.1:3306
-- Thời gian đã tạo: Th7 12, 2026 lúc 01:06 PM
-- Phiên bản máy phục vụ: 9.1.0
-- Phiên bản PHP: 8.3.14

SET SQL_MODE = "NO_AUTO_VALUE_ON_ZERO";
START TRANSACTION;
SET time_zone = "+00:00";


/*!40101 SET @OLD_CHARACTER_SET_CLIENT=@@CHARACTER_SET_CLIENT */;
/*!40101 SET @OLD_CHARACTER_SET_RESULTS=@@CHARACTER_SET_RESULTS */;
/*!40101 SET @OLD_COLLATION_CONNECTION=@@COLLATION_CONNECTION */;
/*!40101 SET NAMES utf8mb4 */;

--
-- Cơ sở dữ liệu: `defaultdb`
--

-- --------------------------------------------------------

--
-- Cấu trúc bảng cho bảng `assignments`
--

DROP TABLE IF EXISTS `assignments`;
CREATE TABLE IF NOT EXISTS `assignments` (
  `assign_id` int NOT NULL AUTO_INCREMENT,
  `class_id` int DEFAULT NULL,
  `title` varchar(150) CHARACTER SET utf8mb4 COLLATE utf8mb4_general_ci DEFAULT NULL,
  `description` text CHARACTER SET utf8mb4 COLLATE utf8mb4_general_ci,
  `assignment_type` varchar(50) COLLATE utf8mb4_general_ci DEFAULT NULL,
  `due_date` datetime DEFAULT NULL,
  `max_score` decimal(5,2) DEFAULT '100.00',
  `status` enum('active','inactive','closed') COLLATE utf8mb4_general_ci NOT NULL DEFAULT 'active',
  `created_at` datetime DEFAULT CURRENT_TIMESTAMP,
  `updated_at` datetime DEFAULT CURRENT_TIMESTAMP ON UPDATE CURRENT_TIMESTAMP,
  PRIMARY KEY (`assign_id`),
  KEY `fk_assignments_classes` (`class_id`)
) ENGINE=InnoDB AUTO_INCREMENT=13 DEFAULT CHARSET=utf8mb4 COLLATE=utf8mb4_general_ci;

--
-- Đang đổ dữ liệu cho bảng `assignments`
--

INSERT INTO `assignments` (`assign_id`, `class_id`, `title`, `description`, `assignment_type`, `due_date`, `max_score`, `status`, `created_at`, `updated_at`) VALUES
(1, 1, 'Diagnostic vocabulary journal: campus life', 'Write a short journal entry in English about three situations on campus where you would need to ask for help, directions, or clarification. Use at least fifteen target words from the foundation unit.', 'writing', '2026-07-19 21:00:00', 10.00, 'active', '2026-07-10 09:00:00', '2026-07-10 09:00:00'),
(2, 2, 'Sentence transformation worksheet: tenses and clauses', 'Rewrite each sentence so that the meaning stays the same. Focus on present perfect, relative clauses, and connectors of contrast from the pre-intermediate syllabus.', 'worksheet', '2026-07-21 21:00:00', 10.00, 'active', '2026-07-11 09:00:00', '2026-07-11 09:00:00'),
(3, 3, 'Reading strategy log: urban farming article', 'Read the article about rooftop gardens, list unfamiliar words, and explain which skimming and scanning steps helped you identify each answer in the article.', 'reflection', '2026-07-22 20:30:00', 10.00, 'active', '2026-07-12 09:00:00', '2026-07-12 09:00:00'),
(4, 5, 'Task 2 outline: should cities restrict private cars?', 'Prepare a full IELTS Writing Task 2 outline. Include thesis statement, two body paragraphs with supporting ideas, and a concise conclusion. No full essay is required in this assignment.', 'writing', '2026-07-25 22:00:00', 9.00, 'active', '2026-07-13 09:00:00', '2026-07-13 09:00:00'),
(5, 7, 'Mock test reflection: common listening traps', 'After the in-class mock test, identify five questions you answered incorrectly. Explain why the distractors were convincing and what signal words should have led you to the correct answer.', 'reflection', '2026-07-28 21:30:00', 10.00, 'active', '2026-07-14 09:00:00', '2026-07-14 09:00:00'),
(6, 8, 'Band 6.5 speaking notes: education and technology', 'Prepare speaking notes for three Part 3 questions on technology in education. Each answer should have a clear opinion, an example, and a short explanation.', 'speaking_note', '2026-07-29 20:30:00', 9.00, 'active', '2026-07-15 09:00:00', '2026-07-15 09:00:00'),
(7, 15, 'TOEIC email reply: meeting reschedule', 'Reply to a client email that asks to move a project update meeting. Confirm the new time, apologize for the inconvenience, and mention the updated meeting room.', 'writing', '2026-04-16 18:00:00', 100.00, 'closed', '2026-04-08 09:00:00', '2026-04-08 09:00:00'),
(8, 24, 'Conversation shadowing diary: greeting customers', 'Record or describe how you practiced a short customer greeting script during the week. Note which intonation points were difficult and how you adjusted your pronunciation.', 'speaking_note', '2026-07-31 20:00:00', 10.00, 'active', '2026-07-16 09:00:00', '2026-07-16 09:00:00'),
(9, 22, 'TOEIC Part 5 mixed review: finance vocabulary', 'Complete the review sheet for finance and office operations vocabulary. Choose the correct word and explain why the other options do not fit the sentence.', 'worksheet', '2026-08-02 21:00:00', 100.00, 'active', '2026-07-17 09:00:00', '2026-07-17 09:00:00'),
(10, 21, 'Foundation speaking check: introduce your hometown', 'Create a one-minute self introduction about your hometown. Mention location, one interesting place, local food, and why visitors might enjoy the area.', 'speaking_note', '2026-08-03 20:00:00', 10.00, 'active', '2026-07-18 09:00:00', '2026-07-18 09:00:00'),
(11, 4, 'Listening note completion drill: community radio', 'Listen to the community radio transcript from class and complete the key details sheet. Then summarize the main announcement in four sentences.', 'worksheet', '2026-07-24 20:30:00', 10.00, 'active', '2026-07-13 09:00:00', '2026-07-13 09:00:00'),
(12, 23, 'Writing Task 1 chart summary: online shopping habits', 'Summarize the chart about online shopping habits in 150 to 180 words. Focus on major trends, comparisons, and one notable exception.', 'writing', '2026-09-20 21:00:00', 9.00, 'active', '2026-09-10 09:00:00', '2026-09-10 09:00:00');

-- --------------------------------------------------------

--
-- Cấu trúc bảng cho bảng `assignment_submissions`
--

DROP TABLE IF EXISTS `assignment_submissions`;
CREATE TABLE IF NOT EXISTS `assignment_submissions` (
  `assign_submission_id` int NOT NULL AUTO_INCREMENT,
  `assign_id` int DEFAULT NULL,
  `user_id` int DEFAULT NULL,
  `content` text CHARACTER SET utf8mb4 COLLATE utf8mb4_general_ci,
  `answers_json` longtext COLLATE utf8mb4_general_ci,
  `score` decimal(5,2) DEFAULT NULL,
  `feedback` text CHARACTER SET utf8mb4 COLLATE utf8mb4_general_ci,
  `status` enum('submitted','graded') COLLATE utf8mb4_general_ci NOT NULL DEFAULT 'submitted',
  `submitted_at` datetime DEFAULT CURRENT_TIMESTAMP,
  `updated_at` datetime DEFAULT CURRENT_TIMESTAMP ON UPDATE CURRENT_TIMESTAMP,
  PRIMARY KEY (`assign_submission_id`),
  KEY `fk_assignmentsubmit_assignment` (`assign_id`),
  KEY `fk_assignmentsubmit_user` (`user_id`)
) ENGINE=InnoDB AUTO_INCREMENT=10 DEFAULT CHARSET=utf8mb4 COLLATE=utf8mb4_general_ci;

--
-- Đang đổ dữ liệu cho bảng `assignment_submissions`
--

INSERT INTO `assignment_submissions` (`assign_submission_id`, `assign_id`, `user_id`, `content`, `answers_json`, `score`, `feedback`, `status`, `submitted_at`, `updated_at`) VALUES
(1, 1, 1, 'In my journal I described asking for directions to the language lab, requesting feedback from a teacher after class, and checking a room change at the reception desk. I used target words such as schedule, register, reminder, borrow, clarify, and assignment.', NULL, 8.50, 'Good range of target vocabulary. Try to vary your sentence openings and add one more example in the final paragraph.', 'graded', '2026-07-18 20:10:00', '2026-07-19 09:00:00'),
(2, 2, 1, 'I rewrote all twelve sentences and added short notes about why I chose the tense or connector. The relative clause section was the easiest, but I corrected two present perfect sentences after checking the workbook again.', NULL, 8.00, 'Grammar choices are mostly correct. Review the difference between since and for in time expressions.', 'graded', '2026-07-20 19:45:00', '2026-07-21 08:30:00'),
(3, 4, 1, 'My outline argues that large cities should reduce private car use in crowded districts. Body paragraph one focuses on traffic and air quality, and body paragraph two explains how better public transport can support workers and students.', NULL, 7.50, 'Clear thesis and logical paragraphing. Add stronger examples for body paragraph two.', 'graded', '2026-07-24 21:15:00', '2026-07-25 10:00:00'),
(4, 5, 1, 'I reviewed five listening questions from the mock test. In most cases I followed a distractor because I reacted to a familiar word too early and missed the speaker correction that came after it.', NULL, 8.00, 'Reflection is honest and useful. Keep identifying correction markers such as actually, however, and instead.', 'graded', '2026-07-27 19:20:00', '2026-07-28 09:15:00'),
(5, 7, 1, 'Dear Ms. Adams, thank you for your message. We can move the project update meeting to Thursday at 3:30 p.m. in Meeting Room B. I apologize for the change and will send the revised agenda before noon.', NULL, 82.00, 'The message is polite and complete. Watch subject line capitalization.', 'graded', '2026-04-15 17:30:00', '2026-04-16 08:30:00'),
(6, 8, 1, 'This week I practiced the greeting script four times after class. My main problem was rising intonation in polite offers, so I slowed down and copied the model audio sentence by sentence.', NULL, NULL, NULL, 'submitted', '2026-07-30 19:50:00', '2026-07-30 19:50:00'),
(7, 3, 9, 'I listed ten unknown words from the rooftop garden article and explained how headings helped me predict where the answers would appear. Skimming saved time, but I still need to improve paraphrase recognition.', NULL, 7.50, 'Nice strategy notes. Add line references for the trickiest answers next time.', 'graded', '2026-07-22 19:05:00', '2026-07-23 08:10:00'),
(8, 11, 10, 'I completed the radio note sheet and summarized the event announcement. The final sentence was rewritten because I originally missed the new registration deadline.', NULL, 7.00, 'Summary is clear. Recheck number details before submitting.', 'graded', '2026-07-23 20:05:00', '2026-07-24 09:05:00'),
(9, 10, 11, 'My hometown introduction focused on Da Lat, the flower festival, and local coffee shops. I added a short reason why visitors enjoy the cooler weather and slower pace of life.', NULL, 8.00, 'Natural speaking notes. Add one stronger transition between idea two and idea three.', 'graded', '2026-08-02 19:20:00', '2026-08-03 09:00:00');

-- --------------------------------------------------------

--
-- Cấu trúc bảng cho bảng `classes`
--

DROP TABLE IF EXISTS `classes`;
CREATE TABLE IF NOT EXISTS `classes` (
  `class_id` int NOT NULL AUTO_INCREMENT,
  `course_id` int NOT NULL,
  `teacher_id` int DEFAULT NULL,
  `class_name` varchar(255) CHARACTER SET utf8mb4 COLLATE utf8mb4_general_ci NOT NULL,
  `description` text CHARACTER SET utf8mb4 COLLATE utf8mb4_general_ci,
  `max_students` int DEFAULT '50',
  `start_date` date DEFAULT NULL,
  `end_date` date DEFAULT NULL,
  `status` enum('pending','active','completed','cancelled') COLLATE utf8mb4_general_ci NOT NULL DEFAULT 'pending',
  `created_at` datetime DEFAULT CURRENT_TIMESTAMP,
  `updated_at` datetime DEFAULT CURRENT_TIMESTAMP ON UPDATE CURRENT_TIMESTAMP,
  PRIMARY KEY (`class_id`),
  KEY `idx_class_course` (`course_id`),
  KEY `fk_classes_teacher` (`teacher_id`)
) ENGINE=InnoDB AUTO_INCREMENT=25 DEFAULT CHARSET=utf8mb4 COLLATE=utf8mb4_general_ci;

--
-- Đang đổ dữ liệu cho bảng `classes`
--

INSERT INTO `classes` (`class_id`, `course_id`, `teacher_id`, `class_name`, `description`, `max_students`, `start_date`, `end_date`, `status`, `created_at`, `updated_at`) VALUES
(1, 1, 3, 'IELTS_FDN_01', 'Lớp nền tảng IELTS buổi sáng.', 20, '2026-07-08', '2026-09-05', 'active', '2026-07-01 10:00:00', '2026-07-01 10:00:00'),
(2, 2, 3, 'IELTS_PRE_01', 'Lớp Pre-Intermediate buổi tối.', 20, '2026-07-09', '2026-09-08', 'active', '2026-07-01 10:05:00', '2026-07-01 10:05:00'),
(3, 3, 29, 'IELTS_READ_01', 'Lớp chuyên Reading.', 18, '2026-07-10', '2026-08-30', 'active', '2026-07-01 10:10:00', '2026-07-08 22:58:49'),
(4, 4, 29, 'IELTS_LISTEN_01', 'Lớp chuyên Listening.', 18, '2026-07-12', '2026-09-01', 'active', '2026-07-01 10:15:00', '2026-07-08 22:58:49'),
(5, 5, 29, 'IELTS_WRITE_01', 'Lớp luyện Writing band 6.5.', 15, '2026-07-14', '2026-09-10', 'active', '2026-07-01 10:20:00', '2026-07-08 22:58:49'),
(6, 6, 30, 'IELTS_SPEAK_01', 'Lớp luyện Speaking theo chủ đề.', 15, '2026-07-16', '2026-09-12', 'active', '2026-07-01 10:25:00', '2026-07-08 22:58:49'),
(7, 7, 30, 'IELTS_MOCK_01', 'Lớp chữa đề IELTS mock test.', 16, '2026-07-18', '2026-09-15', 'active', '2026-07-01 10:30:00', '2026-07-08 22:58:49'),
(8, 8, 30, 'IELTS_65_01', 'Lớp mục tiêu band 6.5+.', 14, '2026-07-20', '2026-09-20', 'active', '2026-07-01 10:35:00', '2026-07-08 22:58:49'),
(9, 9, 31, 'TOEIC_450_01', 'Lớp TOEIC Starter chờ khai giảng.', 25, '2026-09-01', '2026-10-20', 'pending', '2026-07-01 10:40:00', '2026-07-08 22:58:49'),
(10, 10, 31, 'TOEIC_600_01', 'Lớp TOEIC 600+ chờ khai giảng.', 25, '2026-09-03', '2026-10-25', 'pending', '2026-07-01 10:45:00', '2026-07-08 22:58:49'),
(11, 11, 31, 'TOEIC_GR_01', 'Lớp ngữ pháp TOEIC Part 5-6.', 20, '2026-09-05', '2026-10-28', 'pending', '2026-07-01 10:50:00', '2026-07-08 22:58:49'),
(12, 12, 31, 'TOEIC_LIS_01', 'Lớp Listening TOEIC cuối tuần.', 20, '2026-09-07', '2026-10-30', 'pending', '2026-07-01 10:55:00', '2026-07-08 22:58:49'),
(13, 13, 31, 'TOEIC_READ_01', 'Lớp Reading Speed TOEIC.', 20, '2026-09-09', '2026-11-02', 'pending', '2026-07-01 11:00:00', '2026-07-08 22:58:49'),
(14, 14, 31, 'TOEIC_750_01', 'Lớp TOEIC 750+ buổi tối.', 18, '2026-09-11', '2026-11-05', 'pending', '2026-07-01 11:05:00', '2026-07-08 22:58:49'),
(15, 15, 31, 'TOEIC_MOCK_00', 'Lớp TOEIC mock test đã kết thúc.', 18, '2026-04-05', '2026-06-01', 'completed', '2026-07-01 11:10:00', '2026-07-08 22:58:49'),
(16, 16, 31, 'TOEIC_900_00', 'Lớp TOEIC 900 Sprint đã kết thúc.', 15, '2026-04-10', '2026-06-10', 'completed', '2026-07-01 11:15:00', '2026-07-08 22:58:49'),
(17, 17, 31, 'ENG_COM_BASIC_00', 'Lớp giao tiếp cơ bản đã kết thúc.', 22, '2026-04-12', '2026-06-12', 'completed', '2026-07-01 11:20:00', '2026-07-08 22:58:49'),
(18, 18, 31, 'ENG_COM_INT_00', 'Lớp giao tiếp trung cấp đã kết thúc.', 20, '2026-04-15', '2026-06-15', 'completed', '2026-07-01 11:25:00', '2026-07-08 22:58:49'),
(19, 19, 31, 'BIZ_WRITE_00', 'Lớp Business Writing đã kết thúc.', 18, '2026-04-18', '2026-06-20', 'completed', '2026-07-01 11:30:00', '2026-07-08 22:58:49'),
(20, 20, 31, 'PRONUN_00', 'Lớp phát âm đã kết thúc.', 18, '2026-04-20', '2026-06-18', 'completed', '2026-07-01 11:35:00', '2026-07-08 22:58:49'),
(21, 1, 3, 'IELTS_FDN_02', 'Lớp IELTS Foundation buổi tối.', 20, '2026-07-22', '2026-09-22', 'active', '2026-07-01 11:40:00', '2026-07-01 11:40:00'),
(22, 10, 3, 'TOEIC_600_02', 'Lớp TOEIC 600+ buổi sáng.', 24, '2026-07-24', '2026-09-24', 'active', '2026-07-01 11:45:00', '2026-07-01 11:45:00'),
(23, 5, 29, 'IELTS_WRITE_02', 'Lớp Writing tăng cường buổi tối.', 15, '2026-09-15', '2026-11-15', 'pending', '2026-07-01 11:50:00', '2026-07-08 22:58:49'),
(24, 17, 3, 'ENG_COM_BASIC_01', 'Lớp giao tiếp cơ bản cuối tuần.', 22, '2026-07-26', '2026-09-26', 'active', '2026-07-01 11:55:00', '2026-07-01 11:55:00');

-- --------------------------------------------------------

--
-- Cấu trúc bảng cho bảng `courses`
--

DROP TABLE IF EXISTS `courses`;
CREATE TABLE IF NOT EXISTS `courses` (
  `course_id` int NOT NULL AUTO_INCREMENT,
  `title` varchar(150) CHARACTER SET utf8mb4 COLLATE utf8mb4_general_ci DEFAULT NULL,
  `description` text CHARACTER SET utf8mb4 COLLATE utf8mb4_general_ci,
  `price` decimal(10,2) DEFAULT '0.00',
  `level` varchar(50) COLLATE utf8mb4_general_ci DEFAULT NULL,
  `course_type` varchar(50) COLLATE utf8mb4_general_ci DEFAULT NULL,
  `status` enum('active','inactive','archived') COLLATE utf8mb4_general_ci NOT NULL DEFAULT 'active',
  `created_at` datetime DEFAULT CURRENT_TIMESTAMP,
  `updated_at` datetime DEFAULT CURRENT_TIMESTAMP ON UPDATE CURRENT_TIMESTAMP,
  PRIMARY KEY (`course_id`)
) ENGINE=InnoDB AUTO_INCREMENT=21 DEFAULT CHARSET=utf8mb4 COLLATE=utf8mb4_general_ci;

--
-- Đang đổ dữ liệu cho bảng `courses`
--

INSERT INTO `courses` (`course_id`, `title`, `description`, `price`, `level`, `course_type`, `status`, `created_at`, `updated_at`) VALUES
(1, 'IELTS Foundation', 'Khoá nền tảng IELTS cho người mới bắt đầu.', 2800000.00, 'beginner', 'IELTS', 'active', '2026-07-01 08:00:00', '2026-07-01 08:00:00'),
(2, 'IELTS Pre-Intermediate', 'Củng cố ngữ pháp và từ vựng để lên band 5.0.', 3000000.00, 'beginner', 'IELTS', 'active', '2026-07-01 08:05:00', '2026-07-01 08:05:00'),
(3, 'IELTS Reading Skills', 'Luyện scanning, skimming và các dạng câu hỏi đọc hiểu.', 3200000.00, 'intermediate', 'IELTS', 'active', '2026-07-01 08:10:00', '2026-07-01 08:10:00'),
(4, 'IELTS Listening Focus', 'Chuyên đề nghe IELTS theo section.', 3200000.00, 'intermediate', 'IELTS', 'active', '2026-07-01 08:15:00', '2026-07-01 08:15:00'),
(5, 'IELTS Writing Intensive', 'Luyện Task 1 va Task 2 theo tiêu chí band descriptor.', 3500000.00, 'advanced', 'IELTS', 'active', '2026-07-01 08:20:00', '2026-07-01 08:20:00'),
(6, 'IELTS Speaking Workshop', 'Rèn phản xạ và phát triển ý cho speaking.', 3300000.00, 'intermediate', 'IELTS', 'active', '2026-07-01 08:25:00', '2026-07-01 08:25:00'),
(7, 'IELTS Mock Test Bootcamp', 'Luyện đề mô phỏng toàn bộ bài thi IELTS.', 3600000.00, 'advanced', 'IELTS', 'active', '2026-07-01 08:30:00', '2026-07-01 08:30:00'),
(8, 'IELTS Band 6.5+', 'Khoá tăng tốc cho học viên mục tiêu band 6.5 trở lên.', 3900000.00, 'advanced', 'IELTS', 'active', '2026-07-01 08:35:00', '2026-07-01 08:35:00'),
(9, 'TOEIC Starter 450+', 'Khoá TOEIC cơ bản cho người mất gốc.', 2200000.00, 'beginner', 'TOEIC', 'active', '2026-07-01 08:40:00', '2026-07-01 08:40:00'),
(10, 'TOEIC 600+', 'Luyện TOEIC mốc 600 với ngữ pháp và từ vựng cốt lõi.', 2600000.00, 'intermediate', 'TOEIC', 'active', '2026-07-01 08:45:00', '2026-07-01 08:45:00'),
(11, 'TOEIC 650+ Grammar', 'Chuyên đề Part 5 va Part 6.', 2700000.00, 'intermediate', 'TOEIC', 'active', '2026-07-01 08:50:00', '2026-07-01 08:50:00'),
(12, 'TOEIC Listening Mastery', 'Chinh phục Part 1-4 với chiến lược nghe từ khóa.', 2900000.00, 'intermediate', 'TOEIC', 'active', '2026-07-01 08:55:00', '2026-07-01 08:55:00'),
(13, 'TOEIC Reading Speed', 'Luyện tăng tốc độ đọc Part 7.', 3000000.00, 'advanced', 'TOEIC', 'active', '2026-07-01 09:00:00', '2026-07-01 09:00:00'),
(14, 'TOEIC 750+', 'Khoá luyện điểm TOEIC 750+.', 3300000.00, 'advanced', 'TOEIC', 'active', '2026-07-01 09:05:00', '2026-07-01 09:05:00'),
(15, 'TOEIC Mock Test Lab', 'Làm đề TOEIC mô phỏng và chữa chi tiết.', 3400000.00, 'advanced', 'TOEIC', 'active', '2026-07-01 09:10:00', '2026-07-01 09:10:00'),
(16, 'TOEIC 900 Sprint', 'Khoá tăng tốc cho mục tiêu điểm cao TOEIC.', 3800000.00, 'advanced', 'TOEIC', 'active', '2026-07-01 09:15:00', '2026-07-01 09:15:00'),
(17, 'English Communication Basic', 'Giao tiếp hằng ngày cho người mới học.', 1800000.00, 'beginner', 'OTHER', 'active', '2026-07-01 09:20:00', '2026-07-01 09:20:00'),
(18, 'English Communication Intermediate', 'Giao tiếp tình huống thực tế cho người đi làm.', 2100000.00, 'intermediate', 'OTHER', 'active', '2026-07-01 09:25:00', '2026-07-01 09:25:00'),
(19, 'Business English Writing', 'Viết email, báo cáo và tin nhắn công việc bằng tiếng Anh.', 2600000.00, 'intermediate', 'OTHER', 'active', '2026-07-01 09:30:00', '2026-07-01 09:30:00'),
(20, 'Pronunciation Clinic', 'Cải thiện phát âm và trọng âm theo IPA.', 1900000.00, 'beginner', 'OTHER', 'active', '2026-07-01 09:35:00', '2026-07-01 09:35:00');

-- --------------------------------------------------------

--
-- Cấu trúc bảng cho bảng `enrollments`
--

DROP TABLE IF EXISTS `enrollments`;
CREATE TABLE IF NOT EXISTS `enrollments` (
  `enroll_id` int NOT NULL AUTO_INCREMENT,
  `user_id` int DEFAULT NULL,
  `class_id` int DEFAULT NULL,
  `enrolled_at` datetime DEFAULT CURRENT_TIMESTAMP,
  `approved_at` datetime DEFAULT NULL,
  `approved_by` int DEFAULT NULL,
  `approval_status` enum('pending','approved','rejected','cancelled','completed') COLLATE utf8mb4_general_ci NOT NULL DEFAULT 'pending',
  PRIMARY KEY (`enroll_id`),
  KEY `fk_enrollments_user` (`user_id`),
  KEY `fk_enrollments_class` (`class_id`),
  KEY `fk_enrollments_approver` (`approved_by`)
) ENGINE=InnoDB AUTO_INCREMENT=29 DEFAULT CHARSET=utf8mb4 COLLATE=utf8mb4_general_ci;

--
-- Đang đổ dữ liệu cho bảng `enrollments`
--

INSERT INTO `enrollments` (`enroll_id`, `user_id`, `class_id`, `enrolled_at`, `approved_at`, `approved_by`, `approval_status`) VALUES
(1, 1, 1, '2026-06-11 08:00:00', '2026-06-11 10:00:00', 2, 'approved'),
(2, 1, 2, '2026-06-12 08:15:00', '2026-06-12 10:00:00', 2, 'pending'),
(3, 1, 5, '2026-06-15 09:00:00', '2026-06-15 11:00:00', 2, 'approved'),
(4, 1, 7, '2026-06-18 09:10:00', '2026-06-18 11:00:00', 2, 'approved'),
(5, 1, 8, '2026-06-20 08:40:00', '2026-06-20 10:30:00', 2, 'pending'),
(6, 1, 15, '2026-04-03 09:00:00', '2026-04-03 11:00:00', 2, 'completed'),
(7, 1, 21, '2026-07-02 08:25:00', '2026-07-02 10:10:00', 2, 'approved'),
(8, 1, 22, '2026-07-03 08:35:00', '2026-07-03 10:15:00', 2, 'approved'),
(9, 1, 24, '2026-07-04 08:20:00', '2026-07-04 10:00:00', 2, 'pending'),
(10, 9, 1, '2026-06-16 08:30:00', '2026-06-16 10:15:00', 2, 'approved'),
(11, 9, 3, '2026-06-17 08:45:00', '2026-06-17 10:20:00', 2, 'pending'),
(12, 9, 21, '2026-07-05 08:40:00', NULL, NULL, 'pending'),
(13, 10, 4, '2026-06-19 08:30:00', '2026-06-19 10:15:00', 2, 'approved'),
(14, 10, 5, '2026-06-20 08:35:00', '2026-06-20 10:20:00', 2, 'pending'),
(15, 10, 15, '2026-04-04 08:45:00', '2026-04-04 10:30:00', 2, 'completed'),
(16, 10, 16, '2026-04-06 09:10:00', '2026-04-06 10:50:00', 2, 'completed'),
(17, 11, 7, '2026-06-23 08:30:00', '2026-06-23 10:15:00', 2, 'pending'),
(18, 11, 8, '2026-06-24 08:30:00', '2026-06-24 10:15:00', 2, 'approved'),
(19, 12, 22, '2026-07-01 09:00:00', NULL, NULL, 'pending'),
(20, 12, 10, '2026-06-28 08:45:00', NULL, NULL, 'pending'),
(21, 13, 13, '2026-07-01 08:30:00', NULL, NULL, 'pending'),
(22, 13, 14, '2026-07-02 08:45:00', NULL, NULL, 'pending'),
(23, 14, 17, '2026-04-12 08:30:00', '2026-04-12 10:00:00', 2, 'completed'),
(24, 14, 18, '2026-04-15 08:30:00', '2026-04-15 10:00:00', 2, 'completed'),
(25, 15, 19, '2026-04-18 08:30:00', '2026-04-18 10:00:00', 2, 'completed'),
(26, 15, 24, '2026-07-06 08:20:00', '2026-07-06 10:00:00', 2, 'approved'),
(27, 16, 22, '2026-07-07 08:15:00', '2026-07-07 10:05:00', 2, 'approved'),
(28, 16, 23, '2026-07-07 08:50:00', NULL, NULL, 'pending');

-- --------------------------------------------------------

--
-- Cấu trúc bảng cho bảng `mock_tests`
--

DROP TABLE IF EXISTS `mock_tests`;
CREATE TABLE IF NOT EXISTS `mock_tests` (
  `test_id` int NOT NULL AUTO_INCREMENT,
  `title` varchar(150) COLLATE utf8mb4_general_ci NOT NULL,
  `description` text COLLATE utf8mb4_general_ci,
  `test_type` varchar(50) COLLATE utf8mb4_general_ci NOT NULL,
  `exam_type` varchar(50) COLLATE utf8mb4_general_ci NOT NULL,
  `exam_part` varchar(50) COLLATE utf8mb4_general_ci DEFAULT NULL,
  `skill_type` varchar(50) COLLATE utf8mb4_general_ci NOT NULL,
  `duration_minutes` int DEFAULT NULL,
  `total_score` decimal(5,2) DEFAULT '100.00',
  `attempts_allowed` int DEFAULT '1',
  `start_time` datetime DEFAULT NULL,
  `end_time` datetime DEFAULT NULL,
  `status` enum('draft','active','inactive','closed') COLLATE utf8mb4_general_ci NOT NULL DEFAULT 'draft',
  `created_at` datetime DEFAULT CURRENT_TIMESTAMP,
  `updated_at` datetime DEFAULT CURRENT_TIMESTAMP ON UPDATE CURRENT_TIMESTAMP,
  PRIMARY KEY (`test_id`),
  KEY `idx_tests_exam_type` (`exam_type`),
  KEY `idx_tests_status` (`status`)
) ENGINE=InnoDB AUTO_INCREMENT=6 DEFAULT CHARSET=utf8mb4 COLLATE=utf8mb4_general_ci;

--
-- Đang đổ dữ liệu cho bảng `mock_tests`
--

INSERT INTO `mock_tests` (`test_id`, `title`, `description`, `test_type`, `exam_type`, `exam_part`, `skill_type`, `duration_minutes`, `total_score`, `attempts_allowed`, `start_time`, `end_time`, `status`, `created_at`, `updated_at`) VALUES
(1, 'IELTS Academic Mock 01 - Education and Cities', 'A full mock test used in the foundation and pre-intermediate IELTS streams. The passages focus on school meals, public parks, and recycled water systems.', 'full_mock_test', 'IELTS', 'Full Test', 'full_test', 165, 9.00, 1, '2026-07-19 08:00:00', '2026-08-31 23:00:00', 'active', '2026-07-12 09:00:00', '2026-07-12 09:00:00'),
(2, 'IELTS Academic Mock 02 - Health and Environment', 'A second academic full mock with listening notes on health campaigns, research passages on sleep, plastic reduction, and museum learning, plus two writing tasks.', 'full_mock_test', 'IELTS', 'Full Test', 'full_test', 165, 9.00, 1, '2026-07-23 08:00:00', '2026-09-05 23:00:00', 'active', '2026-07-15 09:00:00', '2026-07-15 09:00:00'),
(3, 'TOEIC Full Mock 01 - Workplace Communication Benchmark', 'A complete TOEIC-style paper covering office photos, customer calls, branch conversations, short talks, grammar review, text completion, and operational reading.', 'full_mock_test', 'TOEIC', 'Full Test', 'full_test', 120, 990.00, 1, '2026-07-25 08:00:00', '2026-09-12 23:00:00', 'active', '2026-07-16 09:00:00', '2026-07-16 09:00:00'),
(4, 'TOEIC Full Mock 02 - Office Operations Practice Set', 'A second full TOEIC-style paper with warehouse and recruitment themes, training talks, HR grammar, policy completion, and procurement reading.', 'full_mock_test', 'TOEIC', 'Full Test', 'full_test', 120, 990.00, 2, '2026-07-27 08:00:00', '2026-09-15 23:00:00', 'active', '2026-07-17 09:00:00', '2026-07-17 09:00:00'),
(5, 'IELTS Band 6.5 Weekend Simulation', 'A weekend simulation for the band 6.5 class with a balanced full test and writing topics on energy use and screen time in daily life.', 'full_mock_test', 'IELTS', 'Full Test', 'full_test', 165, 9.00, 1, '2026-07-29 08:00:00', '2026-09-20 23:00:00', 'active', '2026-07-18 09:00:00', '2026-07-18 09:00:00');

-- --------------------------------------------------------

--
-- Cấu trúc bảng cho bảng `mock_test_submissions`
--

DROP TABLE IF EXISTS `mock_test_submissions`;
CREATE TABLE IF NOT EXISTS `mock_test_submissions` (
  `test_submission_id` int NOT NULL AUTO_INCREMENT,
  `mock_test_id` int NOT NULL,
  `user_id` int NOT NULL,
  `answers_json` longtext COLLATE utf8mb4_general_ci,
  `started_at` datetime DEFAULT NULL,
  `submitted_at` datetime DEFAULT NULL,
  `duration_seconds` int DEFAULT NULL,
  `total_score` decimal(5,2) DEFAULT '0.00',
  `correct_answers` int DEFAULT '0',
  `total_questions` int DEFAULT '0',
  `attempt_number` int DEFAULT '1',
  `status` enum('submitted','graded') COLLATE utf8mb4_general_ci NOT NULL DEFAULT 'submitted',
  `created_at` datetime DEFAULT CURRENT_TIMESTAMP,
  PRIMARY KEY (`test_submission_id`),
  KEY `fk_test_submissions_user` (`user_id`),
  KEY `fk_mock_test_submissions_test` (`mock_test_id`)
) ENGINE=InnoDB AUTO_INCREMENT=6 DEFAULT CHARSET=utf8mb4 COLLATE=utf8mb4_general_ci;

--
-- Đang đổ dữ liệu cho bảng `mock_test_submissions`
--

INSERT INTO `mock_test_submissions` (`test_submission_id`, `mock_test_id`, `user_id`, `answers_json`, `started_at`, `submitted_at`, `duration_seconds`, `total_score`, `correct_answers`, `total_questions`, `attempt_number`, `status`, `created_at`) VALUES
(1, 1, 1, '{\"41\": \"A\", \"42\": \"B\", \"43\": \"C\", \"44\": \"D\", \"45\": \"A\", \"46\": \"B\", \"47\": \"D\", \"48\": \"D\", \"49\": \"A\", \"50\": \"B\", \"51\": \"C\", \"52\": \"D\", \"53\": \"A\", \"54\": \"C\", \"55\": \"C\", \"56\": \"D\", \"57\": \"A\", \"58\": \"B\", \"59\": \"C\", \"60\": \"D\", \"61\": \"B\", \"62\": \"B\", \"63\": \"C\", \"64\": \"D\", \"65\": \"A\", \"66\": \"B\", \"67\": \"C\", \"68\": \"A\", \"69\": \"A\", \"70\": \"B\", \"71\": \"C\", \"72\": \"D\", \"73\": \"A\", \"74\": \"B\", \"75\": \"D\", \"76\": \"D\", \"77\": \"A\", \"78\": \"B\", \"79\": \"C\", \"80\": \"D\", \"296\": \"B\", \"297\": \"B\", \"298\": \"B\", \"299\": \"B\", \"300\": \"B\", \"301\": \"B\", \"302\": \"C\", \"303\": \"B\", \"304\": \"B\", \"305\": \"B\", \"306\": \"B\", \"307\": \"B\", \"308\": \"B\", \"309\": \"B\", \"310\": \"B\", \"311\": \"B\", \"312\": \"B\", \"313\": \"B\", \"314\": \"B\", \"315\": \"C\", \"316\": \"B\", \"317\": \"B\", \"318\": \"B\", \"319\": \"B\", \"320\": \"B\", \"321\": \"B\", \"322\": \"B\", \"323\": \"B\", \"324\": \"B\", \"325\": \"B\", \"326\": \"B\", \"327\": \"B\", \"328\": \"C\", \"329\": \"B\", \"330\": \"B\", \"331\": \"B\", \"332\": \"B\", \"333\": \"B\", \"334\": \"B\", \"335\": \"C\", \"511\": \"Essay draft for Writing Task 1 by student 1.\", \"515\": \"Essay draft for Writing Task 2 by student 1.\"}', '2026-07-19 08:00:00', '2026-07-19 10:37:00', 9420, 7.99, 71, 80, 1, 'graded', '2026-07-19 10:37:00'),
(2, 2, 1, '{\"81\": \"A\", \"82\": \"B\", \"83\": \"C\", \"84\": \"D\", \"85\": \"D\", \"86\": \"B\", \"87\": \"C\", \"88\": \"D\", \"89\": \"A\", \"90\": \"A\", \"91\": \"C\", \"92\": \"D\", \"93\": \"A\", \"94\": \"B\", \"95\": \"B\", \"96\": \"D\", \"97\": \"A\", \"98\": \"B\", \"99\": \"C\", \"100\": \"C\", \"101\": \"A\", \"102\": \"B\", \"103\": \"C\", \"104\": \"D\", \"105\": \"D\", \"106\": \"B\", \"107\": \"C\", \"108\": \"D\", \"109\": \"A\", \"110\": \"A\", \"111\": \"C\", \"112\": \"D\", \"113\": \"A\", \"114\": \"B\", \"115\": \"B\", \"116\": \"D\", \"117\": \"A\", \"118\": \"B\", \"119\": \"C\", \"120\": \"C\", \"336\": \"B\", \"337\": \"B\", \"338\": \"B\", \"339\": \"B\", \"340\": \"A\", \"341\": \"B\", \"342\": \"B\", \"343\": \"B\", \"344\": \"B\", \"345\": \"A\", \"346\": \"B\", \"347\": \"B\", \"348\": \"B\", \"349\": \"B\", \"350\": \"B\", \"351\": \"B\", \"352\": \"B\", \"353\": \"A\", \"354\": \"B\", \"355\": \"B\", \"356\": \"B\", \"357\": \"B\", \"358\": \"A\", \"359\": \"B\", \"360\": \"B\", \"361\": \"B\", \"362\": \"B\", \"363\": \"B\", \"364\": \"B\", \"365\": \"B\", \"366\": \"A\", \"367\": \"B\", \"368\": \"B\", \"369\": \"B\", \"370\": \"B\", \"371\": \"A\", \"372\": \"B\", \"373\": \"B\", \"374\": \"B\", \"375\": \"B\", \"512\": \"Essay draft for Writing Task 1 by student 1.\", \"516\": \"Essay draft for Writing Task 2 by student 1.\"}', '2026-07-26 08:05:00', '2026-07-26 10:34:00', 8940, 7.43, 66, 80, 1, 'submitted', '2026-07-26 10:34:00'),
(3, 4, 1, '{\"581\": \"A\", \"582\": \"A\", \"583\": \"A\", \"584\": \"B\", \"585\": \"A\", \"586\": \"A\", \"587\": \"A\", \"588\": \"B\", \"589\": \"A\", \"590\": \"B\", \"591\": \"A\", \"592\": \"A\", \"593\": \"A\", \"594\": \"A\", \"595\": \"A\", \"596\": \"C\", \"597\": \"A\", \"598\": \"A\", \"599\": \"A\", \"600\": \"A\", \"601\": \"A\", \"602\": \"B\", \"603\": \"A\", \"604\": \"B\", \"605\": \"A\", \"606\": \"A\", \"607\": \"A\", \"608\": \"B\", \"609\": \"A\", \"610\": \"A\", \"717\": \"A\", \"718\": \"B\", \"719\": \"C\", \"720\": \"D\", \"721\": \"A\", \"722\": \"B\", \"751\": \"A\", \"752\": \"B\", \"753\": \"C\", \"754\": \"D\", \"755\": \"A\", \"756\": \"B\", \"757\": \"C\", \"758\": \"A\", \"759\": \"A\", \"760\": \"B\", \"761\": \"C\", \"762\": \"D\", \"763\": \"A\", \"764\": \"B\", \"765\": \"C\", \"766\": \"A\", \"767\": \"A\", \"768\": \"B\", \"769\": \"C\", \"770\": \"D\", \"771\": \"A\", \"772\": \"B\", \"773\": \"C\", \"774\": \"A\", \"775\": \"A\", \"828\": \"A\", \"829\": \"A\", \"830\": \"A\", \"831\": \"A\", \"832\": \"A\", \"833\": \"A\", \"834\": \"A\", \"835\": \"B\", \"836\": \"A\", \"837\": \"A\", \"838\": \"A\", \"839\": \"A\", \"840\": \"A\", \"841\": \"A\", \"842\": \"A\", \"843\": \"B\", \"844\": \"A\", \"845\": \"A\", \"846\": \"A\", \"847\": \"A\", \"848\": \"A\", \"849\": \"A\", \"850\": \"A\", \"851\": \"B\", \"852\": \"A\", \"853\": \"A\", \"854\": \"A\", \"855\": \"A\", \"856\": \"A\", \"857\": \"A\", \"858\": \"A\", \"859\": \"B\", \"860\": \"A\", \"861\": \"A\", \"862\": \"A\", \"863\": \"A\", \"864\": \"A\", \"865\": \"A\", \"866\": \"A\", \"946\": \"A\", \"947\": \"A\", \"948\": \"A\", \"949\": \"A\", \"950\": \"A\", \"951\": \"A\", \"952\": \"A\", \"953\": \"B\", \"954\": \"A\", \"955\": \"A\", \"956\": \"A\", \"957\": \"A\", \"958\": \"A\", \"959\": \"A\", \"960\": \"A\", \"961\": \"B\", \"962\": \"A\", \"963\": \"A\", \"964\": \"A\", \"965\": \"A\", \"966\": \"A\", \"967\": \"A\", \"968\": \"A\", \"969\": \"B\", \"970\": \"A\", \"971\": \"A\", \"972\": \"A\", \"973\": \"A\", \"974\": \"A\", \"975\": \"A\", \"995\": \"A\", \"996\": \"A\", \"997\": \"A\", \"998\": \"A\", \"999\": \"A\", \"1000\": \"A\", \"1001\": \"A\", \"1002\": \"B\", \"1003\": \"A\", \"1004\": \"A\", \"1005\": \"A\", \"1006\": \"A\", \"1007\": \"A\", \"1008\": \"A\", \"1009\": \"A\", \"1010\": \"B\", \"1096\": \"A\", \"1097\": \"A\", \"1098\": \"A\", \"1099\": \"A\", \"1100\": \"A\", \"1101\": \"A\", \"1102\": \"A\", \"1103\": \"B\", \"1104\": \"A\", \"1105\": \"A\", \"1106\": \"A\", \"1107\": \"A\", \"1108\": \"A\", \"1109\": \"A\", \"1110\": \"A\", \"1111\": \"B\", \"1112\": \"A\", \"1113\": \"A\", \"1114\": \"A\", \"1115\": \"A\", \"1116\": \"A\", \"1117\": \"A\", \"1118\": \"A\", \"1119\": \"B\", \"1120\": \"A\", \"1121\": \"A\", \"1122\": \"A\", \"1123\": \"A\", \"1124\": \"A\", \"1125\": \"A\", \"1126\": \"A\", \"1127\": \"B\", \"1128\": \"A\", \"1129\": \"A\", \"1130\": \"A\", \"1131\": \"A\", \"1132\": \"A\", \"1133\": \"A\", \"1134\": \"A\", \"1135\": \"B\", \"1136\": \"A\", \"1137\": \"A\", \"1138\": \"A\", \"1139\": \"A\", \"1140\": \"A\", \"1141\": \"A\", \"1142\": \"A\", \"1143\": \"B\", \"1144\": \"A\", \"1145\": \"A\", \"1146\": \"A\", \"1147\": \"A\", \"1148\": \"A\", \"1149\": \"A\"}', '2026-04-21 08:00:00', '2026-04-21 09:53:00', 6780, 886.05, 179, 200, 1, 'graded', '2026-04-21 09:53:00'),
(4, 1, 9, '{\"41\": \"A\", \"42\": \"B\", \"43\": \"C\", \"44\": \"D\", \"45\": \"A\", \"46\": \"D\", \"47\": \"C\", \"48\": \"D\", \"49\": \"A\", \"50\": \"B\", \"51\": \"C\", \"52\": \"B\", \"53\": \"A\", \"54\": \"B\", \"55\": \"C\", \"56\": \"D\", \"57\": \"A\", \"58\": \"D\", \"59\": \"C\", \"60\": \"D\", \"61\": \"A\", \"62\": \"B\", \"63\": \"C\", \"64\": \"B\", \"65\": \"A\", \"66\": \"B\", \"67\": \"C\", \"68\": \"D\", \"69\": \"A\", \"70\": \"D\", \"71\": \"C\", \"72\": \"D\", \"73\": \"A\", \"74\": \"B\", \"75\": \"C\", \"76\": \"B\", \"77\": \"A\", \"78\": \"B\", \"79\": \"C\", \"80\": \"D\", \"296\": \"B\", \"297\": \"B\", \"298\": \"B\", \"299\": \"B\", \"300\": \"B\", \"301\": \"D\", \"302\": \"B\", \"303\": \"B\", \"304\": \"B\", \"305\": \"B\", \"306\": \"B\", \"307\": \"D\", \"308\": \"B\", \"309\": \"B\", \"310\": \"B\", \"311\": \"B\", \"312\": \"B\", \"313\": \"B\", \"314\": \"D\", \"315\": \"B\", \"316\": \"B\", \"317\": \"B\", \"318\": \"B\", \"319\": \"B\", \"320\": \"D\", \"321\": \"B\", \"322\": \"B\", \"323\": \"B\", \"324\": \"B\", \"325\": \"B\", \"326\": \"B\", \"327\": \"D\", \"328\": \"B\", \"329\": \"B\", \"330\": \"B\", \"331\": \"B\", \"332\": \"B\", \"333\": \"D\", \"334\": \"B\", \"335\": \"B\", \"511\": \"Essay draft for Writing Task 1 by student 9.\", \"515\": \"Essay draft for Writing Task 2 by student 9.\"}', '2026-07-20 08:10:00', '2026-07-20 10:40:00', 9000, 7.65, 68, 80, 1, 'submitted', '2026-07-20 10:40:00'),
(5, 4, 10, '{\"581\": \"A\", \"582\": \"A\", \"583\": \"A\", \"584\": \"A\", \"585\": \"A\", \"586\": \"A\", \"587\": \"A\", \"588\": \"D\", \"589\": \"A\", \"590\": \"B\", \"591\": \"A\", \"592\": \"D\", \"593\": \"A\", \"594\": \"A\", \"595\": \"A\", \"596\": \"A\", \"597\": \"A\", \"598\": \"A\", \"599\": \"A\", \"600\": \"D\", \"601\": \"A\", \"602\": \"B\", \"603\": \"A\", \"604\": \"D\", \"605\": \"A\", \"606\": \"A\", \"607\": \"A\", \"608\": \"A\", \"609\": \"A\", \"610\": \"A\", \"717\": \"A\", \"718\": \"B\", \"719\": \"C\", \"720\": \"C\", \"721\": \"A\", \"722\": \"B\", \"751\": \"A\", \"752\": \"B\", \"753\": \"C\", \"754\": \"C\", \"755\": \"A\", \"756\": \"B\", \"757\": \"C\", \"758\": \"C\", \"759\": \"A\", \"760\": \"B\", \"761\": \"C\", \"762\": \"C\", \"763\": \"A\", \"764\": \"B\", \"765\": \"C\", \"766\": \"C\", \"767\": \"A\", \"768\": \"B\", \"769\": \"C\", \"770\": \"C\", \"771\": \"A\", \"772\": \"B\", \"773\": \"C\", \"774\": \"C\", \"775\": \"A\", \"828\": \"A\", \"829\": \"A\", \"830\": \"A\", \"831\": \"D\", \"832\": \"A\", \"833\": \"A\", \"834\": \"A\", \"835\": \"D\", \"836\": \"A\", \"837\": \"A\", \"838\": \"A\", \"839\": \"D\", \"840\": \"A\", \"841\": \"A\", \"842\": \"A\", \"843\": \"D\", \"844\": \"A\", \"845\": \"A\", \"846\": \"A\", \"847\": \"D\", \"848\": \"A\", \"849\": \"A\", \"850\": \"A\", \"851\": \"D\", \"852\": \"A\", \"853\": \"A\", \"854\": \"A\", \"855\": \"D\", \"856\": \"A\", \"857\": \"A\", \"858\": \"A\", \"859\": \"D\", \"860\": \"A\", \"861\": \"A\", \"862\": \"A\", \"863\": \"D\", \"864\": \"A\", \"865\": \"A\", \"866\": \"A\", \"946\": \"A\", \"947\": \"A\", \"948\": \"A\", \"949\": \"D\", \"950\": \"A\", \"951\": \"A\", \"952\": \"A\", \"953\": \"D\", \"954\": \"A\", \"955\": \"A\", \"956\": \"A\", \"957\": \"D\", \"958\": \"A\", \"959\": \"A\", \"960\": \"A\", \"961\": \"D\", \"962\": \"A\", \"963\": \"A\", \"964\": \"A\", \"965\": \"D\", \"966\": \"A\", \"967\": \"A\", \"968\": \"A\", \"969\": \"D\", \"970\": \"A\", \"971\": \"A\", \"972\": \"A\", \"973\": \"D\", \"974\": \"A\", \"975\": \"A\", \"995\": \"A\", \"996\": \"A\", \"997\": \"A\", \"998\": \"D\", \"999\": \"A\", \"1000\": \"A\", \"1001\": \"A\", \"1002\": \"D\", \"1003\": \"A\", \"1004\": \"A\", \"1005\": \"A\", \"1006\": \"D\", \"1007\": \"A\", \"1008\": \"A\", \"1009\": \"A\", \"1010\": \"D\", \"1096\": \"A\", \"1097\": \"A\", \"1098\": \"A\", \"1099\": \"D\", \"1100\": \"A\", \"1101\": \"A\", \"1102\": \"A\", \"1103\": \"D\", \"1104\": \"A\", \"1105\": \"A\", \"1106\": \"A\", \"1107\": \"D\", \"1108\": \"A\", \"1109\": \"A\", \"1110\": \"A\", \"1111\": \"D\", \"1112\": \"A\", \"1113\": \"A\", \"1114\": \"A\", \"1115\": \"D\", \"1116\": \"A\", \"1117\": \"A\", \"1118\": \"A\", \"1119\": \"D\", \"1120\": \"A\", \"1121\": \"A\", \"1122\": \"A\", \"1123\": \"D\", \"1124\": \"A\", \"1125\": \"A\", \"1126\": \"A\", \"1127\": \"D\", \"1128\": \"A\", \"1129\": \"A\", \"1130\": \"A\", \"1131\": \"D\", \"1132\": \"A\", \"1133\": \"A\", \"1134\": \"A\", \"1135\": \"D\", \"1136\": \"A\", \"1137\": \"A\", \"1138\": \"A\", \"1139\": \"D\", \"1140\": \"A\", \"1141\": \"A\", \"1142\": \"A\", \"1143\": \"D\", \"1144\": \"A\", \"1145\": \"A\", \"1146\": \"A\", \"1147\": \"D\", \"1148\": \"A\", \"1149\": \"A\"}', '2026-07-31 08:05:00', '2026-07-31 10:00:00', 6900, 757.35, 153, 200, 1, 'submitted', '2026-07-31 10:00:00');

-- --------------------------------------------------------

--
-- Cấu trúc bảng cho bảng `notifications`
--

DROP TABLE IF EXISTS `notifications`;
CREATE TABLE IF NOT EXISTS `notifications` (
  `notification_id` int NOT NULL AUTO_INCREMENT,
  `sender_id` int DEFAULT NULL,
  `title` varchar(255) COLLATE utf8mb4_general_ci NOT NULL,
  `content` text COLLATE utf8mb4_general_ci NOT NULL,
  `notification_type` varchar(50) COLLATE utf8mb4_general_ci NOT NULL,
  `created_at` datetime DEFAULT CURRENT_TIMESTAMP,
  PRIMARY KEY (`notification_id`),
  KEY `fk_notifications_sender` (`sender_id`)
) ENGINE=InnoDB AUTO_INCREMENT=7 DEFAULT CHARSET=utf8mb4 COLLATE=utf8mb4_general_ci;

--
-- Đang đổ dữ liệu cho bảng `notifications`
--

INSERT INTO `notifications` (`notification_id`, `sender_id`, `title`, `content`, `notification_type`, `created_at`) VALUES
(1, 2, 'Welcome to IELTS Foundation', 'The first IELTS Foundation session starts this week. Please bring a notebook, a pen, and your placement checklist to class 1.', 'class_update', '2026-07-07 18:00:00'),
(2, 29, 'Reading strategy homework posted', 'The rooftop garden reading reflection has been posted for the reading class. Submit your notes before Tuesday evening.', 'assignment', '2026-07-12 20:15:00'),
(3, 30, 'Mock listening review reminder', 'Please review the listening traps discussed in class and complete the reflection task before the weekend workshop.', 'assignment', '2026-07-17 19:45:00'),
(4, 31, 'TOEIC grammar mini-quiz available', 'A new TOEIC Part 5 practice quiz is now available for class 22. Focus on finance and office operations vocabulary.', 'quiz', '2026-07-20 08:10:00'),
(5, 2, 'Payment follow-up for TOEIC 600+', 'Your registration for TOEIC 600+ has been approved. Please complete payment confirmation within three working days to keep your seat.', 'payment', '2026-07-20 10:20:00'),
(6, 2, 'Weekend simulation schedule', 'The IELTS weekend simulation will begin at 8:00 AM on Saturday. Arrive fifteen minutes early for instructions and seating.', 'test', '2026-07-27 16:30:00');

-- --------------------------------------------------------

--
-- Cấu trúc bảng cho bảng `notification_receivers`
--

DROP TABLE IF EXISTS `notification_receivers`;
CREATE TABLE IF NOT EXISTS `notification_receivers` (
  `receiver_id` int NOT NULL AUTO_INCREMENT,
  `notification_id` int NOT NULL,
  `user_id` int NOT NULL,
  `is_read` tinyint(1) DEFAULT '0',
  `read_at` datetime DEFAULT NULL,
  PRIMARY KEY (`receiver_id`),
  UNIQUE KEY `notification_id` (`notification_id`,`user_id`),
  KEY `fk_notification_receivers_user` (`user_id`)
) ENGINE=InnoDB AUTO_INCREMENT=12 DEFAULT CHARSET=utf8mb4 COLLATE=utf8mb4_general_ci;

--
-- Đang đổ dữ liệu cho bảng `notification_receivers`
--

INSERT INTO `notification_receivers` (`receiver_id`, `notification_id`, `user_id`, `is_read`, `read_at`) VALUES
(1, 1, 1, 1, '2026-07-07 19:10:00'),
(2, 1, 9, 0, NULL),
(3, 2, 1, 0, NULL),
(4, 2, 9, 1, '2026-07-12 21:00:00'),
(5, 3, 1, 1, '2026-07-18 07:30:00'),
(6, 3, 11, 0, NULL),
(7, 4, 1, 0, NULL),
(8, 4, 16, 1, '2026-07-20 08:45:00'),
(9, 5, 1, 0, NULL),
(10, 6, 1, 0, NULL),
(11, 6, 11, 0, NULL);

-- --------------------------------------------------------

--
-- Cấu trúc bảng cho bảng `passages`
--

DROP TABLE IF EXISTS `passages`;
CREATE TABLE IF NOT EXISTS `passages` (
  `passage_id` int NOT NULL AUTO_INCREMENT,
  `quiz_id` int DEFAULT NULL,
  `assign_id` int DEFAULT NULL,
  `title` varchar(255) COLLATE utf8mb4_general_ci DEFAULT NULL,
  `content` longtext COLLATE utf8mb4_general_ci NOT NULL,
  `payment_type` varchar(50) COLLATE utf8mb4_general_ci DEFAULT NULL,
  `order_num` int DEFAULT '1',
  `mock_test_id` int DEFAULT NULL,
  PRIMARY KEY (`passage_id`),
  KEY `fk_passages_assignment` (`assign_id`),
  KEY `fk_passages_quiz` (`quiz_id`),
  KEY `fk_passages_mock_test` (`mock_test_id`)
) ENGINE=InnoDB DEFAULT CHARSET=utf8mb4 COLLATE=utf8mb4_general_ci;

-- --------------------------------------------------------

--
-- Cấu trúc bảng cho bảng `payments`
--

DROP TABLE IF EXISTS `payments`;
CREATE TABLE IF NOT EXISTS `payments` (
  `pay_id` int NOT NULL AUTO_INCREMENT,
  `enrollment_id` int DEFAULT NULL,
  `amount` decimal(10,2) DEFAULT NULL,
  `payment_method` varchar(50) CHARACTER SET utf8mb4 COLLATE utf8mb4_general_ci DEFAULT NULL,
  `paid_at` datetime DEFAULT CURRENT_TIMESTAMP,
  `status` enum('pending','paid','failed','refunded','cancelled') COLLATE utf8mb4_general_ci NOT NULL DEFAULT 'pending',
  PRIMARY KEY (`pay_id`),
  KEY `fk_payments_enrollment` (`enrollment_id`)
) ENGINE=InnoDB AUTO_INCREMENT=20 DEFAULT CHARSET=utf8mb4 COLLATE=utf8mb4_general_ci;

--
-- Đang đổ dữ liệu cho bảng `payments`
--

INSERT INTO `payments` (`pay_id`, `enrollment_id`, `amount`, `payment_method`, `paid_at`, `status`) VALUES
(1, 7, 2800000.00, 'banking', '2026-06-11 10:20:00', 'paid'),
(2, 2, 3000000.00, 'momo', '2026-06-12 10:15:00', 'paid'),
(3, 3, 3500000.00, 'banking', '2026-06-15 11:20:00', 'paid'),
(4, 4, 3600000.00, 'cash', '2026-06-18 11:15:00', 'paid'),
(5, 5, 3900000.00, 'banking', '2026-06-20 10:45:00', 'paid'),
(6, 6, 3400000.00, 'banking', '2026-04-03 11:15:00', 'paid'),
(7, 8, 2600000.00, 'momo', '2026-07-03 10:30:00', 'pending'),
(8, 9, 1800000.00, 'cash', '2026-07-04 10:15:00', 'paid'),
(9, 12, 2800000.00, 'banking', '2026-06-16 10:25:00', 'paid'),
(10, 11, 3200000.00, 'momo', '2026-06-17 10:35:00', 'paid'),
(11, 13, 3200000.00, 'cash', '2026-06-19 10:20:00', 'paid'),
(12, 14, 3500000.00, 'momo', '2026-06-20 10:35:00', 'paid'),
(13, 15, 3400000.00, 'banking', '2026-04-04 10:40:00', 'paid'),
(14, 17, 3600000.00, 'momo', '2026-06-23 10:25:00', 'paid'),
(15, 19, 2600000.00, 'banking', '2026-06-28 10:40:00', 'pending'),
(16, 21, 3000000.00, 'cash', '2026-07-01 10:20:00', 'pending'),
(17, 23, 1800000.00, 'banking', '2026-04-12 10:10:00', 'paid'),
(18, 25, 2600000.00, 'cash', '2026-04-18 10:05:00', 'paid'),
(19, 27, 2600000.00, 'momo', '2026-07-07 10:10:00', 'paid');

-- --------------------------------------------------------

--
-- Cấu trúc bảng cho bảng `questions`
--

DROP TABLE IF EXISTS `questions`;
CREATE TABLE IF NOT EXISTS `questions` (
  `question_id` int NOT NULL AUTO_INCREMENT,
  `group_id` int NOT NULL,
  `question_type` varchar(50) COLLATE utf8mb4_general_ci DEFAULT 'mcq',
  `question_text` text CHARACTER SET utf8mb4 COLLATE utf8mb4_general_ci,
  `image_url` varchar(255) CHARACTER SET utf8mb4 COLLATE utf8mb4_general_ci DEFAULT NULL,
  `audio_url` varchar(255) COLLATE utf8mb4_general_ci DEFAULT NULL,
  `order_num` int DEFAULT '1',
  `option_a` varchar(255) CHARACTER SET utf8mb4 COLLATE utf8mb4_general_ci DEFAULT NULL,
  `option_b` varchar(255) CHARACTER SET utf8mb4 COLLATE utf8mb4_general_ci DEFAULT NULL,
  `option_c` varchar(255) CHARACTER SET utf8mb4 COLLATE utf8mb4_general_ci DEFAULT NULL,
  `option_d` varchar(255) CHARACTER SET utf8mb4 COLLATE utf8mb4_general_ci DEFAULT NULL,
  `correct_answer` varchar(255) CHARACTER SET utf8mb4 COLLATE utf8mb4_general_ci DEFAULT NULL,
  `explanation` text COLLATE utf8mb4_general_ci,
  PRIMARY KEY (`question_id`),
  KEY `fk_questions_group` (`group_id`)
) ENGINE=InnoDB AUTO_INCREMENT=1169 DEFAULT CHARSET=utf8mb4 COLLATE=utf8mb4_general_ci;

--
-- Đang đổ dữ liệu cho bảng `questions`
--

INSERT INTO `questions` (`question_id`, `group_id`, `question_type`, `question_text`, `image_url`, `audio_url`, `order_num`, `option_a`, `option_b`, `option_c`, `option_d`, `correct_answer`, `explanation`) VALUES
(1, 1, 'mcq', 'Question 1: What is the main purpose of the information about the new student orientation?', NULL, NULL, 1, 'Bring a notebook and check the schedule again.', 'Arrive early and confirm the updated room number.', 'Wait for an email before taking further action.', 'Ask a classmate to summarize the announcement later.', 'A', 'The speaker directly mentions preparation and reviewing the plan.'),
(2, 1, 'mcq', 'Question 2: Which practical detail does the speaker emphasize for participants?', NULL, NULL, 2, 'Bring a notebook and check the schedule again.', 'Arrive early and confirm the updated room number.', 'Wait for an email before taking further action.', 'Ask a classmate to summarize the announcement later.', 'B', 'The speaker repeats the arrival time and room update.'),
(3, 1, 'mcq', 'Question 3: What should listeners prepare before the activity mentioned?', NULL, NULL, 3, 'Bring a notebook and check the schedule again.', 'Arrive early and confirm the updated room number.', 'Wait for an email before taking further action.', 'Ask a classmate to summarize the announcement later.', 'C', 'The announcement says confirmation will be sent after the session.'),
(4, 1, 'mcq', 'Question 4: What problem does the speaker say has already been solved?', NULL, NULL, 4, 'Bring a notebook and check the schedule again.', 'Arrive early and confirm the updated room number.', 'Wait for an email before taking further action.', 'Ask a classmate to summarize the announcement later.', 'D', 'The final option reflects the follow-up instruction at the end.'),
(5, 1, 'mcq', 'Question 5: What is the next step recommended after the session?', NULL, NULL, 5, 'Bring a notebook and check the schedule again.', 'Arrive early and confirm the updated room number.', 'Wait for an email before taking further action.', 'Ask a classmate to summarize the announcement later.', 'A', 'The speaker directly mentions preparation and reviewing the plan.'),
(6, 1, 'mcq', 'Question 6: What is the main purpose of the information about the new student orientation?', NULL, NULL, 6, 'Bring a notebook and check the schedule again.', 'Arrive early and confirm the updated room number.', 'Wait for an email before taking further action.', 'Ask a classmate to summarize the announcement later.', 'B', 'The speaker repeats the arrival time and room update.'),
(7, 1, 'mcq', 'Question 7: Which practical detail does the speaker emphasize for participants?', NULL, NULL, 7, 'Bring a notebook and check the schedule again.', 'Arrive early and confirm the updated room number.', 'Wait for an email before taking further action.', 'Ask a classmate to summarize the announcement later.', 'C', 'The announcement says confirmation will be sent after the session.'),
(8, 1, 'mcq', 'Question 8: What should listeners prepare before the activity mentioned?', NULL, NULL, 8, 'Bring a notebook and check the schedule again.', 'Arrive early and confirm the updated room number.', 'Wait for an email before taking further action.', 'Ask a classmate to summarize the announcement later.', 'D', 'The final option reflects the follow-up instruction at the end.'),
(9, 1, 'mcq', 'Question 9: What problem does the speaker say has already been solved?', NULL, NULL, 9, 'Bring a notebook and check the schedule again.', 'Arrive early and confirm the updated room number.', 'Wait for an email before taking further action.', 'Ask a classmate to summarize the announcement later.', 'A', 'The speaker directly mentions preparation and reviewing the plan.'),
(10, 1, 'mcq', 'Question 10: What is the next step recommended after the session?', NULL, NULL, 10, 'Bring a notebook and check the schedule again.', 'Arrive early and confirm the updated room number.', 'Wait for an email before taking further action.', 'Ask a classmate to summarize the announcement later.', 'B', 'The speaker repeats the arrival time and room update.'),
(11, 2, 'mcq', 'Question 1: What is the main purpose of the information about the volunteer fair?', NULL, NULL, 1, 'Bring a notebook and check the schedule again.', 'Arrive early and confirm the updated room number.', 'Wait for an email before taking further action.', 'Ask a classmate to summarize the announcement later.', 'A', 'The speaker directly mentions preparation and reviewing the plan.'),
(12, 2, 'mcq', 'Question 2: Which practical detail does the speaker emphasize for participants?', NULL, NULL, 2, 'Bring a notebook and check the schedule again.', 'Arrive early and confirm the updated room number.', 'Wait for an email before taking further action.', 'Ask a classmate to summarize the announcement later.', 'B', 'The speaker repeats the arrival time and room update.'),
(13, 2, 'mcq', 'Question 3: What should listeners prepare before the activity mentioned?', NULL, NULL, 3, 'Bring a notebook and check the schedule again.', 'Arrive early and confirm the updated room number.', 'Wait for an email before taking further action.', 'Ask a classmate to summarize the announcement later.', 'C', 'The announcement says confirmation will be sent after the session.'),
(14, 2, 'mcq', 'Question 4: What problem does the speaker say has already been solved?', NULL, NULL, 4, 'Bring a notebook and check the schedule again.', 'Arrive early and confirm the updated room number.', 'Wait for an email before taking further action.', 'Ask a classmate to summarize the announcement later.', 'D', 'The final option reflects the follow-up instruction at the end.'),
(15, 2, 'mcq', 'Question 5: What is the next step recommended after the session?', NULL, NULL, 5, 'Bring a notebook and check the schedule again.', 'Arrive early and confirm the updated room number.', 'Wait for an email before taking further action.', 'Ask a classmate to summarize the announcement later.', 'A', 'The speaker directly mentions preparation and reviewing the plan.'),
(16, 2, 'mcq', 'Question 6: What is the main purpose of the information about the volunteer fair?', NULL, NULL, 6, 'Bring a notebook and check the schedule again.', 'Arrive early and confirm the updated room number.', 'Wait for an email before taking further action.', 'Ask a classmate to summarize the announcement later.', 'B', 'The speaker repeats the arrival time and room update.'),
(17, 2, 'mcq', 'Question 7: Which practical detail does the speaker emphasize for participants?', NULL, NULL, 7, 'Bring a notebook and check the schedule again.', 'Arrive early and confirm the updated room number.', 'Wait for an email before taking further action.', 'Ask a classmate to summarize the announcement later.', 'C', 'The announcement says confirmation will be sent after the session.'),
(18, 2, 'mcq', 'Question 8: What should listeners prepare before the activity mentioned?', NULL, NULL, 8, 'Bring a notebook and check the schedule again.', 'Arrive early and confirm the updated room number.', 'Wait for an email before taking further action.', 'Ask a classmate to summarize the announcement later.', 'D', 'The final option reflects the follow-up instruction at the end.'),
(19, 2, 'mcq', 'Question 9: What problem does the speaker say has already been solved?', NULL, NULL, 9, 'Bring a notebook and check the schedule again.', 'Arrive early and confirm the updated room number.', 'Wait for an email before taking further action.', 'Ask a classmate to summarize the announcement later.', 'A', 'The speaker directly mentions preparation and reviewing the plan.'),
(20, 2, 'mcq', 'Question 10: What is the next step recommended after the session?', NULL, NULL, 10, 'Bring a notebook and check the schedule again.', 'Arrive early and confirm the updated room number.', 'Wait for an email before taking further action.', 'Ask a classmate to summarize the announcement later.', 'B', 'The speaker repeats the arrival time and room update.'),
(21, 3, 'mcq', 'Question 1: What is the main purpose of the information about the research workshop?', NULL, NULL, 1, 'Bring a notebook and check the schedule again.', 'Arrive early and confirm the updated room number.', 'Wait for an email before taking further action.', 'Ask a classmate to summarize the announcement later.', 'A', 'The speaker directly mentions preparation and reviewing the plan.'),
(22, 3, 'mcq', 'Question 2: Which practical detail does the speaker emphasize for participants?', NULL, NULL, 2, 'Bring a notebook and check the schedule again.', 'Arrive early and confirm the updated room number.', 'Wait for an email before taking further action.', 'Ask a classmate to summarize the announcement later.', 'B', 'The speaker repeats the arrival time and room update.'),
(23, 3, 'mcq', 'Question 3: What should listeners prepare before the activity mentioned?', NULL, NULL, 3, 'Bring a notebook and check the schedule again.', 'Arrive early and confirm the updated room number.', 'Wait for an email before taking further action.', 'Ask a classmate to summarize the announcement later.', 'C', 'The announcement says confirmation will be sent after the session.'),
(24, 3, 'mcq', 'Question 4: What problem does the speaker say has already been solved?', NULL, NULL, 4, 'Bring a notebook and check the schedule again.', 'Arrive early and confirm the updated room number.', 'Wait for an email before taking further action.', 'Ask a classmate to summarize the announcement later.', 'D', 'The final option reflects the follow-up instruction at the end.'),
(25, 3, 'mcq', 'Question 5: What is the next step recommended after the session?', NULL, NULL, 5, 'Bring a notebook and check the schedule again.', 'Arrive early and confirm the updated room number.', 'Wait for an email before taking further action.', 'Ask a classmate to summarize the announcement later.', 'A', 'The speaker directly mentions preparation and reviewing the plan.'),
(26, 3, 'mcq', 'Question 6: What is the main purpose of the information about the research workshop?', NULL, NULL, 6, 'Bring a notebook and check the schedule again.', 'Arrive early and confirm the updated room number.', 'Wait for an email before taking further action.', 'Ask a classmate to summarize the announcement later.', 'B', 'The speaker repeats the arrival time and room update.'),
(27, 3, 'mcq', 'Question 7: Which practical detail does the speaker emphasize for participants?', NULL, NULL, 7, 'Bring a notebook and check the schedule again.', 'Arrive early and confirm the updated room number.', 'Wait for an email before taking further action.', 'Ask a classmate to summarize the announcement later.', 'C', 'The announcement says confirmation will be sent after the session.'),
(28, 3, 'mcq', 'Question 8: What should listeners prepare before the activity mentioned?', NULL, NULL, 8, 'Bring a notebook and check the schedule again.', 'Arrive early and confirm the updated room number.', 'Wait for an email before taking further action.', 'Ask a classmate to summarize the announcement later.', 'D', 'The final option reflects the follow-up instruction at the end.'),
(29, 3, 'mcq', 'Question 9: What problem does the speaker say has already been solved?', NULL, NULL, 9, 'Bring a notebook and check the schedule again.', 'Arrive early and confirm the updated room number.', 'Wait for an email before taking further action.', 'Ask a classmate to summarize the announcement later.', 'A', 'The speaker directly mentions preparation and reviewing the plan.'),
(30, 3, 'mcq', 'Question 10: What is the next step recommended after the session?', NULL, NULL, 10, 'Bring a notebook and check the schedule again.', 'Arrive early and confirm the updated room number.', 'Wait for an email before taking further action.', 'Ask a classmate to summarize the announcement later.', 'B', 'The speaker repeats the arrival time and room update.'),
(31, 4, 'mcq', 'Question 1: What is the main purpose of the information about the museum lecture?', NULL, NULL, 1, 'Bring a notebook and check the schedule again.', 'Arrive early and confirm the updated room number.', 'Wait for an email before taking further action.', 'Ask a classmate to summarize the announcement later.', 'A', 'The speaker directly mentions preparation and reviewing the plan.'),
(32, 4, 'mcq', 'Question 2: Which practical detail does the speaker emphasize for participants?', NULL, NULL, 2, 'Bring a notebook and check the schedule again.', 'Arrive early and confirm the updated room number.', 'Wait for an email before taking further action.', 'Ask a classmate to summarize the announcement later.', 'B', 'The speaker repeats the arrival time and room update.'),
(33, 4, 'mcq', 'Question 3: What should listeners prepare before the activity mentioned?', NULL, NULL, 3, 'Bring a notebook and check the schedule again.', 'Arrive early and confirm the updated room number.', 'Wait for an email before taking further action.', 'Ask a classmate to summarize the announcement later.', 'C', 'The announcement says confirmation will be sent after the session.'),
(34, 4, 'mcq', 'Question 4: What problem does the speaker say has already been solved?', NULL, NULL, 4, 'Bring a notebook and check the schedule again.', 'Arrive early and confirm the updated room number.', 'Wait for an email before taking further action.', 'Ask a classmate to summarize the announcement later.', 'D', 'The final option reflects the follow-up instruction at the end.'),
(35, 4, 'mcq', 'Question 5: What is the next step recommended after the session?', NULL, NULL, 5, 'Bring a notebook and check the schedule again.', 'Arrive early and confirm the updated room number.', 'Wait for an email before taking further action.', 'Ask a classmate to summarize the announcement later.', 'A', 'The speaker directly mentions preparation and reviewing the plan.'),
(36, 4, 'mcq', 'Question 6: What is the main purpose of the information about the museum lecture?', NULL, NULL, 6, 'Bring a notebook and check the schedule again.', 'Arrive early and confirm the updated room number.', 'Wait for an email before taking further action.', 'Ask a classmate to summarize the announcement later.', 'B', 'The speaker repeats the arrival time and room update.'),
(37, 4, 'mcq', 'Question 7: Which practical detail does the speaker emphasize for participants?', NULL, NULL, 7, 'Bring a notebook and check the schedule again.', 'Arrive early and confirm the updated room number.', 'Wait for an email before taking further action.', 'Ask a classmate to summarize the announcement later.', 'C', 'The announcement says confirmation will be sent after the session.'),
(38, 4, 'mcq', 'Question 8: What should listeners prepare before the activity mentioned?', NULL, NULL, 8, 'Bring a notebook and check the schedule again.', 'Arrive early and confirm the updated room number.', 'Wait for an email before taking further action.', 'Ask a classmate to summarize the announcement later.', 'D', 'The final option reflects the follow-up instruction at the end.'),
(39, 4, 'mcq', 'Question 9: What problem does the speaker say has already been solved?', NULL, NULL, 9, 'Bring a notebook and check the schedule again.', 'Arrive early and confirm the updated room number.', 'Wait for an email before taking further action.', 'Ask a classmate to summarize the announcement later.', 'A', 'The speaker directly mentions preparation and reviewing the plan.'),
(40, 4, 'mcq', 'Question 10: What is the next step recommended after the session?', NULL, NULL, 10, 'Bring a notebook and check the schedule again.', 'Arrive early and confirm the updated room number.', 'Wait for an email before taking further action.', 'Ask a classmate to summarize the announcement later.', 'B', 'The speaker repeats the arrival time and room update.'),
(41, 19, 'mcq', 'Question 1: What is the main purpose of the information about the education and city lecture?', NULL, NULL, 1, 'Bring a notebook and check the schedule again.', 'Arrive early and confirm the updated room number.', 'Wait for an email before taking further action.', 'Ask a classmate to summarize the announcement later.', 'A', 'The speaker directly mentions preparation and reviewing the plan.'),
(42, 19, 'mcq', 'Question 2: Which practical detail does the speaker emphasize for participants?', NULL, NULL, 2, 'Bring a notebook and check the schedule again.', 'Arrive early and confirm the updated room number.', 'Wait for an email before taking further action.', 'Ask a classmate to summarize the announcement later.', 'B', 'The speaker repeats the arrival time and room update.'),
(43, 19, 'mcq', 'Question 3: What should listeners prepare before the activity mentioned?', NULL, NULL, 3, 'Bring a notebook and check the schedule again.', 'Arrive early and confirm the updated room number.', 'Wait for an email before taking further action.', 'Ask a classmate to summarize the announcement later.', 'C', 'The announcement says confirmation will be sent after the session.'),
(44, 19, 'mcq', 'Question 4: What problem does the speaker say has already been solved?', NULL, NULL, 4, 'Bring a notebook and check the schedule again.', 'Arrive early and confirm the updated room number.', 'Wait for an email before taking further action.', 'Ask a classmate to summarize the announcement later.', 'D', 'The final option reflects the follow-up instruction at the end.'),
(45, 19, 'mcq', 'Question 5: What is the next step recommended after the session?', NULL, NULL, 5, 'Bring a notebook and check the schedule again.', 'Arrive early and confirm the updated room number.', 'Wait for an email before taking further action.', 'Ask a classmate to summarize the announcement later.', 'A', 'The speaker directly mentions preparation and reviewing the plan.'),
(46, 19, 'mcq', 'Question 6: What is the main purpose of the information about the education and city lecture?', NULL, NULL, 6, 'Bring a notebook and check the schedule again.', 'Arrive early and confirm the updated room number.', 'Wait for an email before taking further action.', 'Ask a classmate to summarize the announcement later.', 'B', 'The speaker repeats the arrival time and room update.'),
(47, 19, 'mcq', 'Question 7: Which practical detail does the speaker emphasize for participants?', NULL, NULL, 7, 'Bring a notebook and check the schedule again.', 'Arrive early and confirm the updated room number.', 'Wait for an email before taking further action.', 'Ask a classmate to summarize the announcement later.', 'C', 'The announcement says confirmation will be sent after the session.'),
(48, 19, 'mcq', 'Question 8: What should listeners prepare before the activity mentioned?', NULL, NULL, 8, 'Bring a notebook and check the schedule again.', 'Arrive early and confirm the updated room number.', 'Wait for an email before taking further action.', 'Ask a classmate to summarize the announcement later.', 'D', 'The final option reflects the follow-up instruction at the end.'),
(49, 19, 'mcq', 'Question 9: What problem does the speaker say has already been solved?', NULL, NULL, 9, 'Bring a notebook and check the schedule again.', 'Arrive early and confirm the updated room number.', 'Wait for an email before taking further action.', 'Ask a classmate to summarize the announcement later.', 'A', 'The speaker directly mentions preparation and reviewing the plan.'),
(50, 19, 'mcq', 'Question 10: What is the next step recommended after the session?', NULL, NULL, 10, 'Bring a notebook and check the schedule again.', 'Arrive early and confirm the updated room number.', 'Wait for an email before taking further action.', 'Ask a classmate to summarize the announcement later.', 'B', 'The speaker repeats the arrival time and room update.'),
(51, 19, 'mcq', 'Question 11: What is the main purpose of the information about the education and city lecture?', NULL, NULL, 11, 'Bring a notebook and check the schedule again.', 'Arrive early and confirm the updated room number.', 'Wait for an email before taking further action.', 'Ask a classmate to summarize the announcement later.', 'C', 'The announcement says confirmation will be sent after the session.'),
(52, 19, 'mcq', 'Question 12: Which practical detail does the speaker emphasize for participants?', NULL, NULL, 12, 'Bring a notebook and check the schedule again.', 'Arrive early and confirm the updated room number.', 'Wait for an email before taking further action.', 'Ask a classmate to summarize the announcement later.', 'D', 'The final option reflects the follow-up instruction at the end.'),
(53, 19, 'mcq', 'Question 13: What should listeners prepare before the activity mentioned?', NULL, NULL, 13, 'Bring a notebook and check the schedule again.', 'Arrive early and confirm the updated room number.', 'Wait for an email before taking further action.', 'Ask a classmate to summarize the announcement later.', 'A', 'The speaker directly mentions preparation and reviewing the plan.'),
(54, 19, 'mcq', 'Question 14: What problem does the speaker say has already been solved?', NULL, NULL, 14, 'Bring a notebook and check the schedule again.', 'Arrive early and confirm the updated room number.', 'Wait for an email before taking further action.', 'Ask a classmate to summarize the announcement later.', 'B', 'The speaker repeats the arrival time and room update.'),
(55, 19, 'mcq', 'Question 15: What is the next step recommended after the session?', NULL, NULL, 15, 'Bring a notebook and check the schedule again.', 'Arrive early and confirm the updated room number.', 'Wait for an email before taking further action.', 'Ask a classmate to summarize the announcement later.', 'C', 'The announcement says confirmation will be sent after the session.'),
(56, 19, 'mcq', 'Question 16: What is the main purpose of the information about the education and city lecture?', NULL, NULL, 16, 'Bring a notebook and check the schedule again.', 'Arrive early and confirm the updated room number.', 'Wait for an email before taking further action.', 'Ask a classmate to summarize the announcement later.', 'D', 'The final option reflects the follow-up instruction at the end.'),
(57, 19, 'mcq', 'Question 17: Which practical detail does the speaker emphasize for participants?', NULL, NULL, 17, 'Bring a notebook and check the schedule again.', 'Arrive early and confirm the updated room number.', 'Wait for an email before taking further action.', 'Ask a classmate to summarize the announcement later.', 'A', 'The speaker directly mentions preparation and reviewing the plan.'),
(58, 19, 'mcq', 'Question 18: What should listeners prepare before the activity mentioned?', NULL, NULL, 18, 'Bring a notebook and check the schedule again.', 'Arrive early and confirm the updated room number.', 'Wait for an email before taking further action.', 'Ask a classmate to summarize the announcement later.', 'B', 'The speaker repeats the arrival time and room update.'),
(59, 19, 'mcq', 'Question 19: What problem does the speaker say has already been solved?', NULL, NULL, 19, 'Bring a notebook and check the schedule again.', 'Arrive early and confirm the updated room number.', 'Wait for an email before taking further action.', 'Ask a classmate to summarize the announcement later.', 'C', 'The announcement says confirmation will be sent after the session.'),
(60, 19, 'mcq', 'Question 20: What is the next step recommended after the session?', NULL, NULL, 20, 'Bring a notebook and check the schedule again.', 'Arrive early and confirm the updated room number.', 'Wait for an email before taking further action.', 'Ask a classmate to summarize the announcement later.', 'D', 'The final option reflects the follow-up instruction at the end.'),
(61, 19, 'mcq', 'Question 21: What is the main purpose of the information about the education and city lecture?', NULL, NULL, 21, 'Bring a notebook and check the schedule again.', 'Arrive early and confirm the updated room number.', 'Wait for an email before taking further action.', 'Ask a classmate to summarize the announcement later.', 'A', 'The speaker directly mentions preparation and reviewing the plan.'),
(62, 19, 'mcq', 'Question 22: Which practical detail does the speaker emphasize for participants?', NULL, NULL, 22, 'Bring a notebook and check the schedule again.', 'Arrive early and confirm the updated room number.', 'Wait for an email before taking further action.', 'Ask a classmate to summarize the announcement later.', 'B', 'The speaker repeats the arrival time and room update.'),
(63, 19, 'mcq', 'Question 23: What should listeners prepare before the activity mentioned?', NULL, NULL, 23, 'Bring a notebook and check the schedule again.', 'Arrive early and confirm the updated room number.', 'Wait for an email before taking further action.', 'Ask a classmate to summarize the announcement later.', 'C', 'The announcement says confirmation will be sent after the session.'),
(64, 19, 'mcq', 'Question 24: What problem does the speaker say has already been solved?', NULL, NULL, 24, 'Bring a notebook and check the schedule again.', 'Arrive early and confirm the updated room number.', 'Wait for an email before taking further action.', 'Ask a classmate to summarize the announcement later.', 'D', 'The final option reflects the follow-up instruction at the end.'),
(65, 19, 'mcq', 'Question 25: What is the next step recommended after the session?', NULL, NULL, 25, 'Bring a notebook and check the schedule again.', 'Arrive early and confirm the updated room number.', 'Wait for an email before taking further action.', 'Ask a classmate to summarize the announcement later.', 'A', 'The speaker directly mentions preparation and reviewing the plan.'),
(66, 19, 'mcq', 'Question 26: What is the main purpose of the information about the education and city lecture?', NULL, NULL, 26, 'Bring a notebook and check the schedule again.', 'Arrive early and confirm the updated room number.', 'Wait for an email before taking further action.', 'Ask a classmate to summarize the announcement later.', 'B', 'The speaker repeats the arrival time and room update.'),
(67, 19, 'mcq', 'Question 27: Which practical detail does the speaker emphasize for participants?', NULL, NULL, 27, 'Bring a notebook and check the schedule again.', 'Arrive early and confirm the updated room number.', 'Wait for an email before taking further action.', 'Ask a classmate to summarize the announcement later.', 'C', 'The announcement says confirmation will be sent after the session.'),
(68, 19, 'mcq', 'Question 28: What should listeners prepare before the activity mentioned?', NULL, NULL, 28, 'Bring a notebook and check the schedule again.', 'Arrive early and confirm the updated room number.', 'Wait for an email before taking further action.', 'Ask a classmate to summarize the announcement later.', 'D', 'The final option reflects the follow-up instruction at the end.'),
(69, 19, 'mcq', 'Question 29: What problem does the speaker say has already been solved?', NULL, NULL, 29, 'Bring a notebook and check the schedule again.', 'Arrive early and confirm the updated room number.', 'Wait for an email before taking further action.', 'Ask a classmate to summarize the announcement later.', 'A', 'The speaker directly mentions preparation and reviewing the plan.'),
(70, 19, 'mcq', 'Question 30: What is the next step recommended after the session?', NULL, NULL, 30, 'Bring a notebook and check the schedule again.', 'Arrive early and confirm the updated room number.', 'Wait for an email before taking further action.', 'Ask a classmate to summarize the announcement later.', 'B', 'The speaker repeats the arrival time and room update.'),
(71, 19, 'mcq', 'Question 31: What is the main purpose of the information about the education and city lecture?', NULL, NULL, 31, 'Bring a notebook and check the schedule again.', 'Arrive early and confirm the updated room number.', 'Wait for an email before taking further action.', 'Ask a classmate to summarize the announcement later.', 'C', 'The announcement says confirmation will be sent after the session.'),
(72, 19, 'mcq', 'Question 32: Which practical detail does the speaker emphasize for participants?', NULL, NULL, 32, 'Bring a notebook and check the schedule again.', 'Arrive early and confirm the updated room number.', 'Wait for an email before taking further action.', 'Ask a classmate to summarize the announcement later.', 'D', 'The final option reflects the follow-up instruction at the end.'),
(73, 19, 'mcq', 'Question 33: What should listeners prepare before the activity mentioned?', NULL, NULL, 33, 'Bring a notebook and check the schedule again.', 'Arrive early and confirm the updated room number.', 'Wait for an email before taking further action.', 'Ask a classmate to summarize the announcement later.', 'A', 'The speaker directly mentions preparation and reviewing the plan.'),
(74, 19, 'mcq', 'Question 34: What problem does the speaker say has already been solved?', NULL, NULL, 34, 'Bring a notebook and check the schedule again.', 'Arrive early and confirm the updated room number.', 'Wait for an email before taking further action.', 'Ask a classmate to summarize the announcement later.', 'B', 'The speaker repeats the arrival time and room update.'),
(75, 19, 'mcq', 'Question 35: What is the next step recommended after the session?', NULL, NULL, 35, 'Bring a notebook and check the schedule again.', 'Arrive early and confirm the updated room number.', 'Wait for an email before taking further action.', 'Ask a classmate to summarize the announcement later.', 'C', 'The announcement says confirmation will be sent after the session.'),
(76, 19, 'mcq', 'Question 36: What is the main purpose of the information about the education and city lecture?', NULL, NULL, 36, 'Bring a notebook and check the schedule again.', 'Arrive early and confirm the updated room number.', 'Wait for an email before taking further action.', 'Ask a classmate to summarize the announcement later.', 'D', 'The final option reflects the follow-up instruction at the end.'),
(77, 19, 'mcq', 'Question 37: Which practical detail does the speaker emphasize for participants?', NULL, NULL, 37, 'Bring a notebook and check the schedule again.', 'Arrive early and confirm the updated room number.', 'Wait for an email before taking further action.', 'Ask a classmate to summarize the announcement later.', 'A', 'The speaker directly mentions preparation and reviewing the plan.'),
(78, 19, 'mcq', 'Question 38: What should listeners prepare before the activity mentioned?', NULL, NULL, 38, 'Bring a notebook and check the schedule again.', 'Arrive early and confirm the updated room number.', 'Wait for an email before taking further action.', 'Ask a classmate to summarize the announcement later.', 'B', 'The speaker repeats the arrival time and room update.'),
(79, 19, 'mcq', 'Question 39: What problem does the speaker say has already been solved?', NULL, NULL, 39, 'Bring a notebook and check the schedule again.', 'Arrive early and confirm the updated room number.', 'Wait for an email before taking further action.', 'Ask a classmate to summarize the announcement later.', 'C', 'The announcement says confirmation will be sent after the session.'),
(80, 19, 'mcq', 'Question 40: What is the next step recommended after the session?', NULL, NULL, 40, 'Bring a notebook and check the schedule again.', 'Arrive early and confirm the updated room number.', 'Wait for an email before taking further action.', 'Ask a classmate to summarize the announcement later.', 'D', 'The final option reflects the follow-up instruction at the end.'),
(81, 25, 'mcq', 'Question 1: What is the main purpose of the information about the health and environment briefing?', NULL, NULL, 1, 'Bring a notebook and check the schedule again.', 'Arrive early and confirm the updated room number.', 'Wait for an email before taking further action.', 'Ask a classmate to summarize the announcement later.', 'A', 'The speaker directly mentions preparation and reviewing the plan.'),
(82, 25, 'mcq', 'Question 2: Which practical detail does the speaker emphasize for participants?', NULL, NULL, 2, 'Bring a notebook and check the schedule again.', 'Arrive early and confirm the updated room number.', 'Wait for an email before taking further action.', 'Ask a classmate to summarize the announcement later.', 'B', 'The speaker repeats the arrival time and room update.'),
(83, 25, 'mcq', 'Question 3: What should listeners prepare before the activity mentioned?', NULL, NULL, 3, 'Bring a notebook and check the schedule again.', 'Arrive early and confirm the updated room number.', 'Wait for an email before taking further action.', 'Ask a classmate to summarize the announcement later.', 'C', 'The announcement says confirmation will be sent after the session.'),
(84, 25, 'mcq', 'Question 4: What problem does the speaker say has already been solved?', NULL, NULL, 4, 'Bring a notebook and check the schedule again.', 'Arrive early and confirm the updated room number.', 'Wait for an email before taking further action.', 'Ask a classmate to summarize the announcement later.', 'D', 'The final option reflects the follow-up instruction at the end.'),
(85, 25, 'mcq', 'Question 5: What is the next step recommended after the session?', NULL, NULL, 5, 'Bring a notebook and check the schedule again.', 'Arrive early and confirm the updated room number.', 'Wait for an email before taking further action.', 'Ask a classmate to summarize the announcement later.', 'A', 'The speaker directly mentions preparation and reviewing the plan.'),
(86, 25, 'mcq', 'Question 6: What is the main purpose of the information about the health and environment briefing?', NULL, NULL, 6, 'Bring a notebook and check the schedule again.', 'Arrive early and confirm the updated room number.', 'Wait for an email before taking further action.', 'Ask a classmate to summarize the announcement later.', 'B', 'The speaker repeats the arrival time and room update.'),
(87, 25, 'mcq', 'Question 7: Which practical detail does the speaker emphasize for participants?', NULL, NULL, 7, 'Bring a notebook and check the schedule again.', 'Arrive early and confirm the updated room number.', 'Wait for an email before taking further action.', 'Ask a classmate to summarize the announcement later.', 'C', 'The announcement says confirmation will be sent after the session.'),
(88, 25, 'mcq', 'Question 8: What should listeners prepare before the activity mentioned?', NULL, NULL, 8, 'Bring a notebook and check the schedule again.', 'Arrive early and confirm the updated room number.', 'Wait for an email before taking further action.', 'Ask a classmate to summarize the announcement later.', 'D', 'The final option reflects the follow-up instruction at the end.'),
(89, 25, 'mcq', 'Question 9: What problem does the speaker say has already been solved?', NULL, NULL, 9, 'Bring a notebook and check the schedule again.', 'Arrive early and confirm the updated room number.', 'Wait for an email before taking further action.', 'Ask a classmate to summarize the announcement later.', 'A', 'The speaker directly mentions preparation and reviewing the plan.'),
(90, 25, 'mcq', 'Question 10: What is the next step recommended after the session?', NULL, NULL, 10, 'Bring a notebook and check the schedule again.', 'Arrive early and confirm the updated room number.', 'Wait for an email before taking further action.', 'Ask a classmate to summarize the announcement later.', 'B', 'The speaker repeats the arrival time and room update.'),
(91, 25, 'mcq', 'Question 11: What is the main purpose of the information about the health and environment briefing?', NULL, NULL, 11, 'Bring a notebook and check the schedule again.', 'Arrive early and confirm the updated room number.', 'Wait for an email before taking further action.', 'Ask a classmate to summarize the announcement later.', 'C', 'The announcement says confirmation will be sent after the session.'),
(92, 25, 'mcq', 'Question 12: Which practical detail does the speaker emphasize for participants?', NULL, NULL, 12, 'Bring a notebook and check the schedule again.', 'Arrive early and confirm the updated room number.', 'Wait for an email before taking further action.', 'Ask a classmate to summarize the announcement later.', 'D', 'The final option reflects the follow-up instruction at the end.'),
(93, 25, 'mcq', 'Question 13: What should listeners prepare before the activity mentioned?', NULL, NULL, 13, 'Bring a notebook and check the schedule again.', 'Arrive early and confirm the updated room number.', 'Wait for an email before taking further action.', 'Ask a classmate to summarize the announcement later.', 'A', 'The speaker directly mentions preparation and reviewing the plan.'),
(94, 25, 'mcq', 'Question 14: What problem does the speaker say has already been solved?', NULL, NULL, 14, 'Bring a notebook and check the schedule again.', 'Arrive early and confirm the updated room number.', 'Wait for an email before taking further action.', 'Ask a classmate to summarize the announcement later.', 'B', 'The speaker repeats the arrival time and room update.'),
(95, 25, 'mcq', 'Question 15: What is the next step recommended after the session?', NULL, NULL, 15, 'Bring a notebook and check the schedule again.', 'Arrive early and confirm the updated room number.', 'Wait for an email before taking further action.', 'Ask a classmate to summarize the announcement later.', 'C', 'The announcement says confirmation will be sent after the session.'),
(96, 25, 'mcq', 'Question 16: What is the main purpose of the information about the health and environment briefing?', NULL, NULL, 16, 'Bring a notebook and check the schedule again.', 'Arrive early and confirm the updated room number.', 'Wait for an email before taking further action.', 'Ask a classmate to summarize the announcement later.', 'D', 'The final option reflects the follow-up instruction at the end.'),
(97, 25, 'mcq', 'Question 17: Which practical detail does the speaker emphasize for participants?', NULL, NULL, 17, 'Bring a notebook and check the schedule again.', 'Arrive early and confirm the updated room number.', 'Wait for an email before taking further action.', 'Ask a classmate to summarize the announcement later.', 'A', 'The speaker directly mentions preparation and reviewing the plan.'),
(98, 25, 'mcq', 'Question 18: What should listeners prepare before the activity mentioned?', NULL, NULL, 18, 'Bring a notebook and check the schedule again.', 'Arrive early and confirm the updated room number.', 'Wait for an email before taking further action.', 'Ask a classmate to summarize the announcement later.', 'B', 'The speaker repeats the arrival time and room update.'),
(99, 25, 'mcq', 'Question 19: What problem does the speaker say has already been solved?', NULL, NULL, 19, 'Bring a notebook and check the schedule again.', 'Arrive early and confirm the updated room number.', 'Wait for an email before taking further action.', 'Ask a classmate to summarize the announcement later.', 'C', 'The announcement says confirmation will be sent after the session.'),
(100, 25, 'mcq', 'Question 20: What is the next step recommended after the session?', NULL, NULL, 20, 'Bring a notebook and check the schedule again.', 'Arrive early and confirm the updated room number.', 'Wait for an email before taking further action.', 'Ask a classmate to summarize the announcement later.', 'D', 'The final option reflects the follow-up instruction at the end.'),
(101, 25, 'mcq', 'Question 21: What is the main purpose of the information about the health and environment briefing?', NULL, NULL, 21, 'Bring a notebook and check the schedule again.', 'Arrive early and confirm the updated room number.', 'Wait for an email before taking further action.', 'Ask a classmate to summarize the announcement later.', 'A', 'The speaker directly mentions preparation and reviewing the plan.'),
(102, 25, 'mcq', 'Question 22: Which practical detail does the speaker emphasize for participants?', NULL, NULL, 22, 'Bring a notebook and check the schedule again.', 'Arrive early and confirm the updated room number.', 'Wait for an email before taking further action.', 'Ask a classmate to summarize the announcement later.', 'B', 'The speaker repeats the arrival time and room update.'),
(103, 25, 'mcq', 'Question 23: What should listeners prepare before the activity mentioned?', NULL, NULL, 23, 'Bring a notebook and check the schedule again.', 'Arrive early and confirm the updated room number.', 'Wait for an email before taking further action.', 'Ask a classmate to summarize the announcement later.', 'C', 'The announcement says confirmation will be sent after the session.'),
(104, 25, 'mcq', 'Question 24: What problem does the speaker say has already been solved?', NULL, NULL, 24, 'Bring a notebook and check the schedule again.', 'Arrive early and confirm the updated room number.', 'Wait for an email before taking further action.', 'Ask a classmate to summarize the announcement later.', 'D', 'The final option reflects the follow-up instruction at the end.'),
(105, 25, 'mcq', 'Question 25: What is the next step recommended after the session?', NULL, NULL, 25, 'Bring a notebook and check the schedule again.', 'Arrive early and confirm the updated room number.', 'Wait for an email before taking further action.', 'Ask a classmate to summarize the announcement later.', 'A', 'The speaker directly mentions preparation and reviewing the plan.'),
(106, 25, 'mcq', 'Question 26: What is the main purpose of the information about the health and environment briefing?', NULL, NULL, 26, 'Bring a notebook and check the schedule again.', 'Arrive early and confirm the updated room number.', 'Wait for an email before taking further action.', 'Ask a classmate to summarize the announcement later.', 'B', 'The speaker repeats the arrival time and room update.'),
(107, 25, 'mcq', 'Question 27: Which practical detail does the speaker emphasize for participants?', NULL, NULL, 27, 'Bring a notebook and check the schedule again.', 'Arrive early and confirm the updated room number.', 'Wait for an email before taking further action.', 'Ask a classmate to summarize the announcement later.', 'C', 'The announcement says confirmation will be sent after the session.'),
(108, 25, 'mcq', 'Question 28: What should listeners prepare before the activity mentioned?', NULL, NULL, 28, 'Bring a notebook and check the schedule again.', 'Arrive early and confirm the updated room number.', 'Wait for an email before taking further action.', 'Ask a classmate to summarize the announcement later.', 'D', 'The final option reflects the follow-up instruction at the end.'),
(109, 25, 'mcq', 'Question 29: What problem does the speaker say has already been solved?', NULL, NULL, 29, 'Bring a notebook and check the schedule again.', 'Arrive early and confirm the updated room number.', 'Wait for an email before taking further action.', 'Ask a classmate to summarize the announcement later.', 'A', 'The speaker directly mentions preparation and reviewing the plan.'),
(110, 25, 'mcq', 'Question 30: What is the next step recommended after the session?', NULL, NULL, 30, 'Bring a notebook and check the schedule again.', 'Arrive early and confirm the updated room number.', 'Wait for an email before taking further action.', 'Ask a classmate to summarize the announcement later.', 'B', 'The speaker repeats the arrival time and room update.'),
(111, 25, 'mcq', 'Question 31: What is the main purpose of the information about the health and environment briefing?', NULL, NULL, 31, 'Bring a notebook and check the schedule again.', 'Arrive early and confirm the updated room number.', 'Wait for an email before taking further action.', 'Ask a classmate to summarize the announcement later.', 'C', 'The announcement says confirmation will be sent after the session.'),
(112, 25, 'mcq', 'Question 32: Which practical detail does the speaker emphasize for participants?', NULL, NULL, 32, 'Bring a notebook and check the schedule again.', 'Arrive early and confirm the updated room number.', 'Wait for an email before taking further action.', 'Ask a classmate to summarize the announcement later.', 'D', 'The final option reflects the follow-up instruction at the end.'),
(113, 25, 'mcq', 'Question 33: What should listeners prepare before the activity mentioned?', NULL, NULL, 33, 'Bring a notebook and check the schedule again.', 'Arrive early and confirm the updated room number.', 'Wait for an email before taking further action.', 'Ask a classmate to summarize the announcement later.', 'A', 'The speaker directly mentions preparation and reviewing the plan.'),
(114, 25, 'mcq', 'Question 34: What problem does the speaker say has already been solved?', NULL, NULL, 34, 'Bring a notebook and check the schedule again.', 'Arrive early and confirm the updated room number.', 'Wait for an email before taking further action.', 'Ask a classmate to summarize the announcement later.', 'B', 'The speaker repeats the arrival time and room update.'),
(115, 25, 'mcq', 'Question 35: What is the next step recommended after the session?', NULL, NULL, 35, 'Bring a notebook and check the schedule again.', 'Arrive early and confirm the updated room number.', 'Wait for an email before taking further action.', 'Ask a classmate to summarize the announcement later.', 'C', 'The announcement says confirmation will be sent after the session.'),
(116, 25, 'mcq', 'Question 36: What is the main purpose of the information about the health and environment briefing?', NULL, NULL, 36, 'Bring a notebook and check the schedule again.', 'Arrive early and confirm the updated room number.', 'Wait for an email before taking further action.', 'Ask a classmate to summarize the announcement later.', 'D', 'The final option reflects the follow-up instruction at the end.'),
(117, 25, 'mcq', 'Question 37: Which practical detail does the speaker emphasize for participants?', NULL, NULL, 37, 'Bring a notebook and check the schedule again.', 'Arrive early and confirm the updated room number.', 'Wait for an email before taking further action.', 'Ask a classmate to summarize the announcement later.', 'A', 'The speaker directly mentions preparation and reviewing the plan.'),
(118, 25, 'mcq', 'Question 38: What should listeners prepare before the activity mentioned?', NULL, NULL, 38, 'Bring a notebook and check the schedule again.', 'Arrive early and confirm the updated room number.', 'Wait for an email before taking further action.', 'Ask a classmate to summarize the announcement later.', 'B', 'The speaker repeats the arrival time and room update.'),
(119, 25, 'mcq', 'Question 39: What problem does the speaker say has already been solved?', NULL, NULL, 39, 'Bring a notebook and check the schedule again.', 'Arrive early and confirm the updated room number.', 'Wait for an email before taking further action.', 'Ask a classmate to summarize the announcement later.', 'C', 'The announcement says confirmation will be sent after the session.'),
(120, 25, 'mcq', 'Question 40: What is the next step recommended after the session?', NULL, NULL, 40, 'Bring a notebook and check the schedule again.', 'Arrive early and confirm the updated room number.', 'Wait for an email before taking further action.', 'Ask a classmate to summarize the announcement later.', 'D', 'The final option reflects the follow-up instruction at the end.'),
(121, 45, 'mcq', 'Question 1: What is the main purpose of the information about the listening section?', NULL, NULL, 1, 'Bring a notebook and check the schedule again.', 'Arrive early and confirm the updated room number.', 'Wait for an email before taking further action.', 'Ask a classmate to summarize the announcement later.', 'A', 'The speaker directly mentions preparation and reviewing the plan.'),
(122, 45, 'mcq', 'Question 2: Which practical detail does the speaker emphasize for participants?', NULL, NULL, 2, 'Bring a notebook and check the schedule again.', 'Arrive early and confirm the updated room number.', 'Wait for an email before taking further action.', 'Ask a classmate to summarize the announcement later.', 'B', 'The speaker repeats the arrival time and room update.'),
(123, 45, 'mcq', 'Question 3: What should listeners prepare before the activity mentioned?', NULL, NULL, 3, 'Bring a notebook and check the schedule again.', 'Arrive early and confirm the updated room number.', 'Wait for an email before taking further action.', 'Ask a classmate to summarize the announcement later.', 'C', 'The announcement says confirmation will be sent after the session.'),
(124, 45, 'mcq', 'Question 4: What problem does the speaker say has already been solved?', NULL, NULL, 4, 'Bring a notebook and check the schedule again.', 'Arrive early and confirm the updated room number.', 'Wait for an email before taking further action.', 'Ask a classmate to summarize the announcement later.', 'D', 'The final option reflects the follow-up instruction at the end.'),
(125, 45, 'mcq', 'Question 5: What is the next step recommended after the session?', NULL, NULL, 5, 'Bring a notebook and check the schedule again.', 'Arrive early and confirm the updated room number.', 'Wait for an email before taking further action.', 'Ask a classmate to summarize the announcement later.', 'A', 'The speaker directly mentions preparation and reviewing the plan.'),
(126, 45, 'mcq', 'Question 6: What is the main purpose of the information about the listening section?', NULL, NULL, 6, 'Bring a notebook and check the schedule again.', 'Arrive early and confirm the updated room number.', 'Wait for an email before taking further action.', 'Ask a classmate to summarize the announcement later.', 'B', 'The speaker repeats the arrival time and room update.'),
(127, 45, 'mcq', 'Question 7: Which practical detail does the speaker emphasize for participants?', NULL, NULL, 7, 'Bring a notebook and check the schedule again.', 'Arrive early and confirm the updated room number.', 'Wait for an email before taking further action.', 'Ask a classmate to summarize the announcement later.', 'C', 'The announcement says confirmation will be sent after the session.');
INSERT INTO `questions` (`question_id`, `group_id`, `question_type`, `question_text`, `image_url`, `audio_url`, `order_num`, `option_a`, `option_b`, `option_c`, `option_d`, `correct_answer`, `explanation`) VALUES
(128, 45, 'mcq', 'Question 8: What should listeners prepare before the activity mentioned?', NULL, NULL, 8, 'Bring a notebook and check the schedule again.', 'Arrive early and confirm the updated room number.', 'Wait for an email before taking further action.', 'Ask a classmate to summarize the announcement later.', 'D', 'The final option reflects the follow-up instruction at the end.'),
(129, 45, 'mcq', 'Question 9: What problem does the speaker say has already been solved?', NULL, NULL, 9, 'Bring a notebook and check the schedule again.', 'Arrive early and confirm the updated room number.', 'Wait for an email before taking further action.', 'Ask a classmate to summarize the announcement later.', 'A', 'The speaker directly mentions preparation and reviewing the plan.'),
(130, 45, 'mcq', 'Question 10: What is the next step recommended after the session?', NULL, NULL, 10, 'Bring a notebook and check the schedule again.', 'Arrive early and confirm the updated room number.', 'Wait for an email before taking further action.', 'Ask a classmate to summarize the announcement later.', 'B', 'The speaker repeats the arrival time and room update.'),
(131, 45, 'mcq', 'Question 11: What is the main purpose of the information about the listening section?', NULL, NULL, 11, 'Bring a notebook and check the schedule again.', 'Arrive early and confirm the updated room number.', 'Wait for an email before taking further action.', 'Ask a classmate to summarize the announcement later.', 'C', 'The announcement says confirmation will be sent after the session.'),
(132, 45, 'mcq', 'Question 12: Which practical detail does the speaker emphasize for participants?', NULL, NULL, 12, 'Bring a notebook and check the schedule again.', 'Arrive early and confirm the updated room number.', 'Wait for an email before taking further action.', 'Ask a classmate to summarize the announcement later.', 'D', 'The final option reflects the follow-up instruction at the end.'),
(133, 45, 'mcq', 'Question 13: What should listeners prepare before the activity mentioned?', NULL, NULL, 13, 'Bring a notebook and check the schedule again.', 'Arrive early and confirm the updated room number.', 'Wait for an email before taking further action.', 'Ask a classmate to summarize the announcement later.', 'A', 'The speaker directly mentions preparation and reviewing the plan.'),
(134, 45, 'mcq', 'Question 14: What problem does the speaker say has already been solved?', NULL, NULL, 14, 'Bring a notebook and check the schedule again.', 'Arrive early and confirm the updated room number.', 'Wait for an email before taking further action.', 'Ask a classmate to summarize the announcement later.', 'B', 'The speaker repeats the arrival time and room update.'),
(135, 45, 'mcq', 'Question 15: What is the next step recommended after the session?', NULL, NULL, 15, 'Bring a notebook and check the schedule again.', 'Arrive early and confirm the updated room number.', 'Wait for an email before taking further action.', 'Ask a classmate to summarize the announcement later.', 'C', 'The announcement says confirmation will be sent after the session.'),
(136, 45, 'mcq', 'Question 16: What is the main purpose of the information about the listening section?', NULL, NULL, 16, 'Bring a notebook and check the schedule again.', 'Arrive early and confirm the updated room number.', 'Wait for an email before taking further action.', 'Ask a classmate to summarize the announcement later.', 'D', 'The final option reflects the follow-up instruction at the end.'),
(137, 45, 'mcq', 'Question 17: Which practical detail does the speaker emphasize for participants?', NULL, NULL, 17, 'Bring a notebook and check the schedule again.', 'Arrive early and confirm the updated room number.', 'Wait for an email before taking further action.', 'Ask a classmate to summarize the announcement later.', 'A', 'The speaker directly mentions preparation and reviewing the plan.'),
(138, 45, 'mcq', 'Question 18: What should listeners prepare before the activity mentioned?', NULL, NULL, 18, 'Bring a notebook and check the schedule again.', 'Arrive early and confirm the updated room number.', 'Wait for an email before taking further action.', 'Ask a classmate to summarize the announcement later.', 'B', 'The speaker repeats the arrival time and room update.'),
(139, 45, 'mcq', 'Question 19: What problem does the speaker say has already been solved?', NULL, NULL, 19, 'Bring a notebook and check the schedule again.', 'Arrive early and confirm the updated room number.', 'Wait for an email before taking further action.', 'Ask a classmate to summarize the announcement later.', 'C', 'The announcement says confirmation will be sent after the session.'),
(140, 45, 'mcq', 'Question 20: What is the next step recommended after the session?', NULL, NULL, 20, 'Bring a notebook and check the schedule again.', 'Arrive early and confirm the updated room number.', 'Wait for an email before taking further action.', 'Ask a classmate to summarize the announcement later.', 'D', 'The final option reflects the follow-up instruction at the end.'),
(141, 45, 'mcq', 'Question 21: What is the main purpose of the information about the listening section?', NULL, NULL, 21, 'Bring a notebook and check the schedule again.', 'Arrive early and confirm the updated room number.', 'Wait for an email before taking further action.', 'Ask a classmate to summarize the announcement later.', 'A', 'The speaker directly mentions preparation and reviewing the plan.'),
(142, 45, 'mcq', 'Question 22: Which practical detail does the speaker emphasize for participants?', NULL, NULL, 22, 'Bring a notebook and check the schedule again.', 'Arrive early and confirm the updated room number.', 'Wait for an email before taking further action.', 'Ask a classmate to summarize the announcement later.', 'B', 'The speaker repeats the arrival time and room update.'),
(143, 45, 'mcq', 'Question 23: What should listeners prepare before the activity mentioned?', NULL, NULL, 23, 'Bring a notebook and check the schedule again.', 'Arrive early and confirm the updated room number.', 'Wait for an email before taking further action.', 'Ask a classmate to summarize the announcement later.', 'C', 'The announcement says confirmation will be sent after the session.'),
(144, 45, 'mcq', 'Question 24: What problem does the speaker say has already been solved?', NULL, NULL, 24, 'Bring a notebook and check the schedule again.', 'Arrive early and confirm the updated room number.', 'Wait for an email before taking further action.', 'Ask a classmate to summarize the announcement later.', 'D', 'The final option reflects the follow-up instruction at the end.'),
(145, 45, 'mcq', 'Question 25: What is the next step recommended after the session?', NULL, NULL, 25, 'Bring a notebook and check the schedule again.', 'Arrive early and confirm the updated room number.', 'Wait for an email before taking further action.', 'Ask a classmate to summarize the announcement later.', 'A', 'The speaker directly mentions preparation and reviewing the plan.'),
(146, 45, 'mcq', 'Question 26: What is the main purpose of the information about the listening section?', NULL, NULL, 26, 'Bring a notebook and check the schedule again.', 'Arrive early and confirm the updated room number.', 'Wait for an email before taking further action.', 'Ask a classmate to summarize the announcement later.', 'B', 'The speaker repeats the arrival time and room update.'),
(147, 45, 'mcq', 'Question 27: Which practical detail does the speaker emphasize for participants?', NULL, NULL, 27, 'Bring a notebook and check the schedule again.', 'Arrive early and confirm the updated room number.', 'Wait for an email before taking further action.', 'Ask a classmate to summarize the announcement later.', 'C', 'The announcement says confirmation will be sent after the session.'),
(148, 45, 'mcq', 'Question 28: What should listeners prepare before the activity mentioned?', NULL, NULL, 28, 'Bring a notebook and check the schedule again.', 'Arrive early and confirm the updated room number.', 'Wait for an email before taking further action.', 'Ask a classmate to summarize the announcement later.', 'D', 'The final option reflects the follow-up instruction at the end.'),
(149, 45, 'mcq', 'Question 29: What problem does the speaker say has already been solved?', NULL, NULL, 29, 'Bring a notebook and check the schedule again.', 'Arrive early and confirm the updated room number.', 'Wait for an email before taking further action.', 'Ask a classmate to summarize the announcement later.', 'A', 'The speaker directly mentions preparation and reviewing the plan.'),
(150, 45, 'mcq', 'Question 30: What is the next step recommended after the session?', NULL, NULL, 30, 'Bring a notebook and check the schedule again.', 'Arrive early and confirm the updated room number.', 'Wait for an email before taking further action.', 'Ask a classmate to summarize the announcement later.', 'B', 'The speaker repeats the arrival time and room update.'),
(151, 45, 'mcq', 'Question 31: What is the main purpose of the information about the listening section?', NULL, NULL, 31, 'Bring a notebook and check the schedule again.', 'Arrive early and confirm the updated room number.', 'Wait for an email before taking further action.', 'Ask a classmate to summarize the announcement later.', 'C', 'The announcement says confirmation will be sent after the session.'),
(152, 45, 'mcq', 'Question 32: Which practical detail does the speaker emphasize for participants?', NULL, NULL, 32, 'Bring a notebook and check the schedule again.', 'Arrive early and confirm the updated room number.', 'Wait for an email before taking further action.', 'Ask a classmate to summarize the announcement later.', 'D', 'The final option reflects the follow-up instruction at the end.'),
(153, 45, 'mcq', 'Question 33: What should listeners prepare before the activity mentioned?', NULL, NULL, 33, 'Bring a notebook and check the schedule again.', 'Arrive early and confirm the updated room number.', 'Wait for an email before taking further action.', 'Ask a classmate to summarize the announcement later.', 'A', 'The speaker directly mentions preparation and reviewing the plan.'),
(154, 45, 'mcq', 'Question 34: What problem does the speaker say has already been solved?', NULL, NULL, 34, 'Bring a notebook and check the schedule again.', 'Arrive early and confirm the updated room number.', 'Wait for an email before taking further action.', 'Ask a classmate to summarize the announcement later.', 'B', 'The speaker repeats the arrival time and room update.'),
(155, 45, 'mcq', 'Question 35: What is the next step recommended after the session?', NULL, NULL, 35, 'Bring a notebook and check the schedule again.', 'Arrive early and confirm the updated room number.', 'Wait for an email before taking further action.', 'Ask a classmate to summarize the announcement later.', 'C', 'The announcement says confirmation will be sent after the session.'),
(156, 45, 'mcq', 'Question 36: What is the main purpose of the information about the listening section?', NULL, NULL, 36, 'Bring a notebook and check the schedule again.', 'Arrive early and confirm the updated room number.', 'Wait for an email before taking further action.', 'Ask a classmate to summarize the announcement later.', 'D', 'The final option reflects the follow-up instruction at the end.'),
(157, 45, 'mcq', 'Question 37: Which practical detail does the speaker emphasize for participants?', NULL, NULL, 37, 'Bring a notebook and check the schedule again.', 'Arrive early and confirm the updated room number.', 'Wait for an email before taking further action.', 'Ask a classmate to summarize the announcement later.', 'A', 'The speaker directly mentions preparation and reviewing the plan.'),
(158, 45, 'mcq', 'Question 38: What should listeners prepare before the activity mentioned?', NULL, NULL, 38, 'Bring a notebook and check the schedule again.', 'Arrive early and confirm the updated room number.', 'Wait for an email before taking further action.', 'Ask a classmate to summarize the announcement later.', 'B', 'The speaker repeats the arrival time and room update.'),
(159, 45, 'mcq', 'Question 39: What problem does the speaker say has already been solved?', NULL, NULL, 39, 'Bring a notebook and check the schedule again.', 'Arrive early and confirm the updated room number.', 'Wait for an email before taking further action.', 'Ask a classmate to summarize the announcement later.', 'C', 'The announcement says confirmation will be sent after the session.'),
(160, 45, 'mcq', 'Question 40: What is the next step recommended after the session?', NULL, NULL, 40, 'Bring a notebook and check the schedule again.', 'Arrive early and confirm the updated room number.', 'Wait for an email before taking further action.', 'Ask a classmate to summarize the announcement later.', 'D', 'The final option reflects the follow-up instruction at the end.'),
(256, 5, 'mcq', 'Question 1: According to the passage, what is one key benefit of the rooftop garden program?', NULL, NULL, 1, 'It solved a problem immediately without any support from residents.', 'It combined practical planning with clear communication and monitoring.', 'It depended mainly on expensive imported equipment.', 'It reduced all maintenance requirements to almost zero.', 'B', 'The passage consistently highlights measured improvement, practical design, and follow-up communication rather than instant or cost-free success.'),
(257, 5, 'mcq', 'Question 2: Which detail is used as evidence in the passage?', NULL, NULL, 2, 'It solved a problem immediately without any support from residents.', 'It combined practical planning with clear communication and monitoring.', 'It depended mainly on expensive imported equipment.', 'It reduced all maintenance requirements to almost zero.', 'B', 'The passage consistently highlights measured improvement, practical design, and follow-up communication rather than instant or cost-free success.'),
(258, 5, 'mcq', 'Question 3: What can be inferred about public response to the project?', NULL, NULL, 3, 'It solved a problem immediately without any support from residents.', 'It combined practical planning with clear communication and monitoring.', 'It depended mainly on expensive imported equipment.', 'It reduced all maintenance requirements to almost zero.', 'B', 'The passage consistently highlights measured improvement, practical design, and follow-up communication rather than instant or cost-free success.'),
(259, 5, 'mcq', 'Question 4: Which statement best matches the writer overall view?', NULL, NULL, 4, 'It solved a problem immediately without any support from residents.', 'It combined practical planning with clear communication and monitoring.', 'It depended mainly on expensive imported equipment.', 'It reduced all maintenance requirements to almost zero.', 'B', 'The passage consistently highlights measured improvement, practical design, and follow-up communication rather than instant or cost-free success.'),
(260, 5, 'mcq', 'Question 5: According to the passage, what is one key benefit of the rooftop garden program?', NULL, NULL, 5, 'It solved a problem immediately without any support from residents.', 'It combined practical planning with clear communication and monitoring.', 'It depended mainly on expensive imported equipment.', 'It reduced all maintenance requirements to almost zero.', 'B', 'The passage consistently highlights measured improvement, practical design, and follow-up communication rather than instant or cost-free success.'),
(261, 5, 'mcq', 'Question 6: Which detail is used as evidence in the passage?', NULL, NULL, 6, 'It solved a problem immediately without any support from residents.', 'It combined practical planning with clear communication and monitoring.', 'It depended mainly on expensive imported equipment.', 'It reduced all maintenance requirements to almost zero.', 'B', 'The passage consistently highlights measured improvement, practical design, and follow-up communication rather than instant or cost-free success.'),
(262, 5, 'mcq', 'Question 7: What can be inferred about public response to the project?', NULL, NULL, 7, 'It solved a problem immediately without any support from residents.', 'It combined practical planning with clear communication and monitoring.', 'It depended mainly on expensive imported equipment.', 'It reduced all maintenance requirements to almost zero.', 'B', 'The passage consistently highlights measured improvement, practical design, and follow-up communication rather than instant or cost-free success.'),
(263, 5, 'mcq', 'Question 8: Which statement best matches the writer overall view?', NULL, NULL, 8, 'It solved a problem immediately without any support from residents.', 'It combined practical planning with clear communication and monitoring.', 'It depended mainly on expensive imported equipment.', 'It reduced all maintenance requirements to almost zero.', 'B', 'The passage consistently highlights measured improvement, practical design, and follow-up communication rather than instant or cost-free success.'),
(264, 5, 'mcq', 'Question 9: According to the passage, what is one key benefit of the rooftop garden program?', NULL, NULL, 9, 'It solved a problem immediately without any support from residents.', 'It combined practical planning with clear communication and monitoring.', 'It depended mainly on expensive imported equipment.', 'It reduced all maintenance requirements to almost zero.', 'B', 'The passage consistently highlights measured improvement, practical design, and follow-up communication rather than instant or cost-free success.'),
(265, 5, 'mcq', 'Question 10: Which detail is used as evidence in the passage?', NULL, NULL, 10, 'It solved a problem immediately without any support from residents.', 'It combined practical planning with clear communication and monitoring.', 'It depended mainly on expensive imported equipment.', 'It reduced all maintenance requirements to almost zero.', 'B', 'The passage consistently highlights measured improvement, practical design, and follow-up communication rather than instant or cost-free success.'),
(266, 5, 'mcq', 'Question 11: What can be inferred about public response to the project?', NULL, NULL, 11, 'It solved a problem immediately without any support from residents.', 'It combined practical planning with clear communication and monitoring.', 'It depended mainly on expensive imported equipment.', 'It reduced all maintenance requirements to almost zero.', 'B', 'The passage consistently highlights measured improvement, practical design, and follow-up communication rather than instant or cost-free success.'),
(267, 5, 'mcq', 'Question 12: Which statement best matches the writer overall view?', NULL, NULL, 12, 'It solved a problem immediately without any support from residents.', 'It combined practical planning with clear communication and monitoring.', 'It depended mainly on expensive imported equipment.', 'It reduced all maintenance requirements to almost zero.', 'B', 'The passage consistently highlights measured improvement, practical design, and follow-up communication rather than instant or cost-free success.'),
(268, 5, 'mcq', 'Question 13: According to the passage, what is one key benefit of the rooftop garden program?', NULL, NULL, 13, 'It solved a problem immediately without any support from residents.', 'It combined practical planning with clear communication and monitoring.', 'It depended mainly on expensive imported equipment.', 'It reduced all maintenance requirements to almost zero.', 'B', 'The passage consistently highlights measured improvement, practical design, and follow-up communication rather than instant or cost-free success.'),
(269, 6, 'mcq', 'Question 1: According to the passage, what is one key benefit of the protected bike lane network?', NULL, NULL, 1, 'It solved a problem immediately without any support from residents.', 'It combined practical planning with clear communication and monitoring.', 'It depended mainly on expensive imported equipment.', 'It reduced all maintenance requirements to almost zero.', 'B', 'The passage consistently highlights measured improvement, practical design, and follow-up communication rather than instant or cost-free success.'),
(270, 6, 'mcq', 'Question 2: Which detail is used as evidence in the passage?', NULL, NULL, 2, 'It solved a problem immediately without any support from residents.', 'It combined practical planning with clear communication and monitoring.', 'It depended mainly on expensive imported equipment.', 'It reduced all maintenance requirements to almost zero.', 'B', 'The passage consistently highlights measured improvement, practical design, and follow-up communication rather than instant or cost-free success.'),
(271, 6, 'mcq', 'Question 3: What can be inferred about public response to the project?', NULL, NULL, 3, 'It solved a problem immediately without any support from residents.', 'It combined practical planning with clear communication and monitoring.', 'It depended mainly on expensive imported equipment.', 'It reduced all maintenance requirements to almost zero.', 'B', 'The passage consistently highlights measured improvement, practical design, and follow-up communication rather than instant or cost-free success.'),
(272, 6, 'mcq', 'Question 4: Which statement best matches the writer overall view?', NULL, NULL, 4, 'It solved a problem immediately without any support from residents.', 'It combined practical planning with clear communication and monitoring.', 'It depended mainly on expensive imported equipment.', 'It reduced all maintenance requirements to almost zero.', 'B', 'The passage consistently highlights measured improvement, practical design, and follow-up communication rather than instant or cost-free success.'),
(273, 6, 'mcq', 'Question 5: According to the passage, what is one key benefit of the protected bike lane network?', NULL, NULL, 5, 'It solved a problem immediately without any support from residents.', 'It combined practical planning with clear communication and monitoring.', 'It depended mainly on expensive imported equipment.', 'It reduced all maintenance requirements to almost zero.', 'B', 'The passage consistently highlights measured improvement, practical design, and follow-up communication rather than instant or cost-free success.'),
(274, 6, 'mcq', 'Question 6: Which detail is used as evidence in the passage?', NULL, NULL, 6, 'It solved a problem immediately without any support from residents.', 'It combined practical planning with clear communication and monitoring.', 'It depended mainly on expensive imported equipment.', 'It reduced all maintenance requirements to almost zero.', 'B', 'The passage consistently highlights measured improvement, practical design, and follow-up communication rather than instant or cost-free success.'),
(275, 6, 'mcq', 'Question 7: What can be inferred about public response to the project?', NULL, NULL, 7, 'It solved a problem immediately without any support from residents.', 'It combined practical planning with clear communication and monitoring.', 'It depended mainly on expensive imported equipment.', 'It reduced all maintenance requirements to almost zero.', 'B', 'The passage consistently highlights measured improvement, practical design, and follow-up communication rather than instant or cost-free success.'),
(276, 6, 'mcq', 'Question 8: Which statement best matches the writer overall view?', NULL, NULL, 8, 'It solved a problem immediately without any support from residents.', 'It combined practical planning with clear communication and monitoring.', 'It depended mainly on expensive imported equipment.', 'It reduced all maintenance requirements to almost zero.', 'B', 'The passage consistently highlights measured improvement, practical design, and follow-up communication rather than instant or cost-free success.'),
(277, 6, 'mcq', 'Question 9: According to the passage, what is one key benefit of the protected bike lane network?', NULL, NULL, 9, 'It solved a problem immediately without any support from residents.', 'It combined practical planning with clear communication and monitoring.', 'It depended mainly on expensive imported equipment.', 'It reduced all maintenance requirements to almost zero.', 'B', 'The passage consistently highlights measured improvement, practical design, and follow-up communication rather than instant or cost-free success.'),
(278, 6, 'mcq', 'Question 10: Which detail is used as evidence in the passage?', NULL, NULL, 10, 'It solved a problem immediately without any support from residents.', 'It combined practical planning with clear communication and monitoring.', 'It depended mainly on expensive imported equipment.', 'It reduced all maintenance requirements to almost zero.', 'B', 'The passage consistently highlights measured improvement, practical design, and follow-up communication rather than instant or cost-free success.'),
(279, 6, 'mcq', 'Question 11: What can be inferred about public response to the project?', NULL, NULL, 11, 'It solved a problem immediately without any support from residents.', 'It combined practical planning with clear communication and monitoring.', 'It depended mainly on expensive imported equipment.', 'It reduced all maintenance requirements to almost zero.', 'B', 'The passage consistently highlights measured improvement, practical design, and follow-up communication rather than instant or cost-free success.'),
(280, 6, 'mcq', 'Question 12: Which statement best matches the writer overall view?', NULL, NULL, 12, 'It solved a problem immediately without any support from residents.', 'It combined practical planning with clear communication and monitoring.', 'It depended mainly on expensive imported equipment.', 'It reduced all maintenance requirements to almost zero.', 'B', 'The passage consistently highlights measured improvement, practical design, and follow-up communication rather than instant or cost-free success.'),
(281, 6, 'mcq', 'Question 13: According to the passage, what is one key benefit of the protected bike lane network?', NULL, NULL, 13, 'It solved a problem immediately without any support from residents.', 'It combined practical planning with clear communication and monitoring.', 'It depended mainly on expensive imported equipment.', 'It reduced all maintenance requirements to almost zero.', 'B', 'The passage consistently highlights measured improvement, practical design, and follow-up communication rather than instant or cost-free success.'),
(282, 7, 'mcq', 'Question 1: According to the passage, what is one key benefit of the coral restoration project?', NULL, NULL, 1, 'It solved a problem immediately without any support from residents.', 'It combined practical planning with clear communication and monitoring.', 'It depended mainly on expensive imported equipment.', 'It reduced all maintenance requirements to almost zero.', 'B', 'The passage consistently highlights measured improvement, practical design, and follow-up communication rather than instant or cost-free success.'),
(283, 7, 'mcq', 'Question 2: Which detail is used as evidence in the passage?', NULL, NULL, 2, 'It solved a problem immediately without any support from residents.', 'It combined practical planning with clear communication and monitoring.', 'It depended mainly on expensive imported equipment.', 'It reduced all maintenance requirements to almost zero.', 'B', 'The passage consistently highlights measured improvement, practical design, and follow-up communication rather than instant or cost-free success.'),
(284, 7, 'mcq', 'Question 3: What can be inferred about public response to the project?', NULL, NULL, 3, 'It solved a problem immediately without any support from residents.', 'It combined practical planning with clear communication and monitoring.', 'It depended mainly on expensive imported equipment.', 'It reduced all maintenance requirements to almost zero.', 'B', 'The passage consistently highlights measured improvement, practical design, and follow-up communication rather than instant or cost-free success.'),
(285, 7, 'mcq', 'Question 4: Which statement best matches the writer overall view?', NULL, NULL, 4, 'It solved a problem immediately without any support from residents.', 'It combined practical planning with clear communication and monitoring.', 'It depended mainly on expensive imported equipment.', 'It reduced all maintenance requirements to almost zero.', 'B', 'The passage consistently highlights measured improvement, practical design, and follow-up communication rather than instant or cost-free success.'),
(286, 7, 'mcq', 'Question 5: According to the passage, what is one key benefit of the coral restoration project?', NULL, NULL, 5, 'It solved a problem immediately without any support from residents.', 'It combined practical planning with clear communication and monitoring.', 'It depended mainly on expensive imported equipment.', 'It reduced all maintenance requirements to almost zero.', 'B', 'The passage consistently highlights measured improvement, practical design, and follow-up communication rather than instant or cost-free success.'),
(287, 7, 'mcq', 'Question 6: Which detail is used as evidence in the passage?', NULL, NULL, 6, 'It solved a problem immediately without any support from residents.', 'It combined practical planning with clear communication and monitoring.', 'It depended mainly on expensive imported equipment.', 'It reduced all maintenance requirements to almost zero.', 'B', 'The passage consistently highlights measured improvement, practical design, and follow-up communication rather than instant or cost-free success.'),
(288, 7, 'mcq', 'Question 7: What can be inferred about public response to the project?', NULL, NULL, 7, 'It solved a problem immediately without any support from residents.', 'It combined practical planning with clear communication and monitoring.', 'It depended mainly on expensive imported equipment.', 'It reduced all maintenance requirements to almost zero.', 'B', 'The passage consistently highlights measured improvement, practical design, and follow-up communication rather than instant or cost-free success.'),
(289, 7, 'mcq', 'Question 8: Which statement best matches the writer overall view?', NULL, NULL, 8, 'It solved a problem immediately without any support from residents.', 'It combined practical planning with clear communication and monitoring.', 'It depended mainly on expensive imported equipment.', 'It reduced all maintenance requirements to almost zero.', 'B', 'The passage consistently highlights measured improvement, practical design, and follow-up communication rather than instant or cost-free success.'),
(290, 7, 'mcq', 'Question 9: According to the passage, what is one key benefit of the coral restoration project?', NULL, NULL, 9, 'It solved a problem immediately without any support from residents.', 'It combined practical planning with clear communication and monitoring.', 'It depended mainly on expensive imported equipment.', 'It reduced all maintenance requirements to almost zero.', 'B', 'The passage consistently highlights measured improvement, practical design, and follow-up communication rather than instant or cost-free success.'),
(291, 7, 'mcq', 'Question 10: Which detail is used as evidence in the passage?', NULL, NULL, 10, 'It solved a problem immediately without any support from residents.', 'It combined practical planning with clear communication and monitoring.', 'It depended mainly on expensive imported equipment.', 'It reduced all maintenance requirements to almost zero.', 'B', 'The passage consistently highlights measured improvement, practical design, and follow-up communication rather than instant or cost-free success.'),
(292, 7, 'mcq', 'Question 11: What can be inferred about public response to the project?', NULL, NULL, 11, 'It solved a problem immediately without any support from residents.', 'It combined practical planning with clear communication and monitoring.', 'It depended mainly on expensive imported equipment.', 'It reduced all maintenance requirements to almost zero.', 'B', 'The passage consistently highlights measured improvement, practical design, and follow-up communication rather than instant or cost-free success.'),
(293, 7, 'mcq', 'Question 12: Which statement best matches the writer overall view?', NULL, NULL, 12, 'It solved a problem immediately without any support from residents.', 'It combined practical planning with clear communication and monitoring.', 'It depended mainly on expensive imported equipment.', 'It reduced all maintenance requirements to almost zero.', 'B', 'The passage consistently highlights measured improvement, practical design, and follow-up communication rather than instant or cost-free success.'),
(294, 7, 'mcq', 'Question 13: According to the passage, what is one key benefit of the coral restoration project?', NULL, NULL, 13, 'It solved a problem immediately without any support from residents.', 'It combined practical planning with clear communication and monitoring.', 'It depended mainly on expensive imported equipment.', 'It reduced all maintenance requirements to almost zero.', 'B', 'The passage consistently highlights measured improvement, practical design, and follow-up communication rather than instant or cost-free success.'),
(295, 7, 'mcq', 'Question 14: Which detail is used as evidence in the passage?', NULL, NULL, 14, 'It solved a problem immediately without any support from residents.', 'It combined practical planning with clear communication and monitoring.', 'It depended mainly on expensive imported equipment.', 'It reduced all maintenance requirements to almost zero.', 'B', 'The passage consistently highlights measured improvement, practical design, and follow-up communication rather than instant or cost-free success.'),
(296, 20, 'mcq', 'Question 1: According to the passage, what is one key benefit of the breakfast program?', NULL, NULL, 1, 'It solved a problem immediately without any support from residents.', 'It combined practical planning with clear communication and monitoring.', 'It depended mainly on expensive imported equipment.', 'It reduced all maintenance requirements to almost zero.', 'B', 'The passage consistently highlights measured improvement, practical design, and follow-up communication rather than instant or cost-free success.'),
(297, 20, 'mcq', 'Question 2: Which detail is used as evidence in the passage?', NULL, NULL, 2, 'It solved a problem immediately without any support from residents.', 'It combined practical planning with clear communication and monitoring.', 'It depended mainly on expensive imported equipment.', 'It reduced all maintenance requirements to almost zero.', 'B', 'The passage consistently highlights measured improvement, practical design, and follow-up communication rather than instant or cost-free success.'),
(298, 20, 'mcq', 'Question 3: What can be inferred about public response to the project?', NULL, NULL, 3, 'It solved a problem immediately without any support from residents.', 'It combined practical planning with clear communication and monitoring.', 'It depended mainly on expensive imported equipment.', 'It reduced all maintenance requirements to almost zero.', 'B', 'The passage consistently highlights measured improvement, practical design, and follow-up communication rather than instant or cost-free success.'),
(299, 20, 'mcq', 'Question 4: Which statement best matches the writer overall view?', NULL, NULL, 4, 'It solved a problem immediately without any support from residents.', 'It combined practical planning with clear communication and monitoring.', 'It depended mainly on expensive imported equipment.', 'It reduced all maintenance requirements to almost zero.', 'B', 'The passage consistently highlights measured improvement, practical design, and follow-up communication rather than instant or cost-free success.'),
(300, 20, 'mcq', 'Question 5: According to the passage, what is one key benefit of the breakfast program?', NULL, NULL, 5, 'It solved a problem immediately without any support from residents.', 'It combined practical planning with clear communication and monitoring.', 'It depended mainly on expensive imported equipment.', 'It reduced all maintenance requirements to almost zero.', 'B', 'The passage consistently highlights measured improvement, practical design, and follow-up communication rather than instant or cost-free success.'),
(301, 20, 'mcq', 'Question 6: Which detail is used as evidence in the passage?', NULL, NULL, 6, 'It solved a problem immediately without any support from residents.', 'It combined practical planning with clear communication and monitoring.', 'It depended mainly on expensive imported equipment.', 'It reduced all maintenance requirements to almost zero.', 'B', 'The passage consistently highlights measured improvement, practical design, and follow-up communication rather than instant or cost-free success.'),
(302, 20, 'mcq', 'Question 7: What can be inferred about public response to the project?', NULL, NULL, 7, 'It solved a problem immediately without any support from residents.', 'It combined practical planning with clear communication and monitoring.', 'It depended mainly on expensive imported equipment.', 'It reduced all maintenance requirements to almost zero.', 'B', 'The passage consistently highlights measured improvement, practical design, and follow-up communication rather than instant or cost-free success.'),
(303, 20, 'mcq', 'Question 8: Which statement best matches the writer overall view?', NULL, NULL, 8, 'It solved a problem immediately without any support from residents.', 'It combined practical planning with clear communication and monitoring.', 'It depended mainly on expensive imported equipment.', 'It reduced all maintenance requirements to almost zero.', 'B', 'The passage consistently highlights measured improvement, practical design, and follow-up communication rather than instant or cost-free success.'),
(304, 20, 'mcq', 'Question 9: According to the passage, what is one key benefit of the breakfast program?', NULL, NULL, 9, 'It solved a problem immediately without any support from residents.', 'It combined practical planning with clear communication and monitoring.', 'It depended mainly on expensive imported equipment.', 'It reduced all maintenance requirements to almost zero.', 'B', 'The passage consistently highlights measured improvement, practical design, and follow-up communication rather than instant or cost-free success.'),
(305, 20, 'mcq', 'Question 10: Which detail is used as evidence in the passage?', NULL, NULL, 10, 'It solved a problem immediately without any support from residents.', 'It combined practical planning with clear communication and monitoring.', 'It depended mainly on expensive imported equipment.', 'It reduced all maintenance requirements to almost zero.', 'B', 'The passage consistently highlights measured improvement, practical design, and follow-up communication rather than instant or cost-free success.'),
(306, 20, 'mcq', 'Question 11: What can be inferred about public response to the project?', NULL, NULL, 11, 'It solved a problem immediately without any support from residents.', 'It combined practical planning with clear communication and monitoring.', 'It depended mainly on expensive imported equipment.', 'It reduced all maintenance requirements to almost zero.', 'B', 'The passage consistently highlights measured improvement, practical design, and follow-up communication rather than instant or cost-free success.'),
(307, 20, 'mcq', 'Question 12: Which statement best matches the writer overall view?', NULL, NULL, 12, 'It solved a problem immediately without any support from residents.', 'It combined practical planning with clear communication and monitoring.', 'It depended mainly on expensive imported equipment.', 'It reduced all maintenance requirements to almost zero.', 'B', 'The passage consistently highlights measured improvement, practical design, and follow-up communication rather than instant or cost-free success.'),
(308, 20, 'mcq', 'Question 13: According to the passage, what is one key benefit of the breakfast program?', NULL, NULL, 13, 'It solved a problem immediately without any support from residents.', 'It combined practical planning with clear communication and monitoring.', 'It depended mainly on expensive imported equipment.', 'It reduced all maintenance requirements to almost zero.', 'B', 'The passage consistently highlights measured improvement, practical design, and follow-up communication rather than instant or cost-free success.'),
(309, 21, 'mcq', 'Question 1: According to the passage, what is one key benefit of the neighborhood park model?', NULL, NULL, 1, 'It solved a problem immediately without any support from residents.', 'It combined practical planning with clear communication and monitoring.', 'It depended mainly on expensive imported equipment.', 'It reduced all maintenance requirements to almost zero.', 'B', 'The passage consistently highlights measured improvement, practical design, and follow-up communication rather than instant or cost-free success.'),
(310, 21, 'mcq', 'Question 2: Which detail is used as evidence in the passage?', NULL, NULL, 2, 'It solved a problem immediately without any support from residents.', 'It combined practical planning with clear communication and monitoring.', 'It depended mainly on expensive imported equipment.', 'It reduced all maintenance requirements to almost zero.', 'B', 'The passage consistently highlights measured improvement, practical design, and follow-up communication rather than instant or cost-free success.'),
(311, 21, 'mcq', 'Question 3: What can be inferred about public response to the project?', NULL, NULL, 3, 'It solved a problem immediately without any support from residents.', 'It combined practical planning with clear communication and monitoring.', 'It depended mainly on expensive imported equipment.', 'It reduced all maintenance requirements to almost zero.', 'B', 'The passage consistently highlights measured improvement, practical design, and follow-up communication rather than instant or cost-free success.'),
(312, 21, 'mcq', 'Question 4: Which statement best matches the writer overall view?', NULL, NULL, 4, 'It solved a problem immediately without any support from residents.', 'It combined practical planning with clear communication and monitoring.', 'It depended mainly on expensive imported equipment.', 'It reduced all maintenance requirements to almost zero.', 'B', 'The passage consistently highlights measured improvement, practical design, and follow-up communication rather than instant or cost-free success.'),
(313, 21, 'mcq', 'Question 5: According to the passage, what is one key benefit of the neighborhood park model?', NULL, NULL, 5, 'It solved a problem immediately without any support from residents.', 'It combined practical planning with clear communication and monitoring.', 'It depended mainly on expensive imported equipment.', 'It reduced all maintenance requirements to almost zero.', 'B', 'The passage consistently highlights measured improvement, practical design, and follow-up communication rather than instant or cost-free success.'),
(314, 21, 'mcq', 'Question 6: Which detail is used as evidence in the passage?', NULL, NULL, 6, 'It solved a problem immediately without any support from residents.', 'It combined practical planning with clear communication and monitoring.', 'It depended mainly on expensive imported equipment.', 'It reduced all maintenance requirements to almost zero.', 'B', 'The passage consistently highlights measured improvement, practical design, and follow-up communication rather than instant or cost-free success.'),
(315, 21, 'mcq', 'Question 7: What can be inferred about public response to the project?', NULL, NULL, 7, 'It solved a problem immediately without any support from residents.', 'It combined practical planning with clear communication and monitoring.', 'It depended mainly on expensive imported equipment.', 'It reduced all maintenance requirements to almost zero.', 'B', 'The passage consistently highlights measured improvement, practical design, and follow-up communication rather than instant or cost-free success.'),
(316, 21, 'mcq', 'Question 8: Which statement best matches the writer overall view?', NULL, NULL, 8, 'It solved a problem immediately without any support from residents.', 'It combined practical planning with clear communication and monitoring.', 'It depended mainly on expensive imported equipment.', 'It reduced all maintenance requirements to almost zero.', 'B', 'The passage consistently highlights measured improvement, practical design, and follow-up communication rather than instant or cost-free success.'),
(317, 21, 'mcq', 'Question 9: According to the passage, what is one key benefit of the neighborhood park model?', NULL, NULL, 9, 'It solved a problem immediately without any support from residents.', 'It combined practical planning with clear communication and monitoring.', 'It depended mainly on expensive imported equipment.', 'It reduced all maintenance requirements to almost zero.', 'B', 'The passage consistently highlights measured improvement, practical design, and follow-up communication rather than instant or cost-free success.'),
(318, 21, 'mcq', 'Question 10: Which detail is used as evidence in the passage?', NULL, NULL, 10, 'It solved a problem immediately without any support from residents.', 'It combined practical planning with clear communication and monitoring.', 'It depended mainly on expensive imported equipment.', 'It reduced all maintenance requirements to almost zero.', 'B', 'The passage consistently highlights measured improvement, practical design, and follow-up communication rather than instant or cost-free success.'),
(319, 21, 'mcq', 'Question 11: What can be inferred about public response to the project?', NULL, NULL, 11, 'It solved a problem immediately without any support from residents.', 'It combined practical planning with clear communication and monitoring.', 'It depended mainly on expensive imported equipment.', 'It reduced all maintenance requirements to almost zero.', 'B', 'The passage consistently highlights measured improvement, practical design, and follow-up communication rather than instant or cost-free success.'),
(320, 21, 'mcq', 'Question 12: Which statement best matches the writer overall view?', NULL, NULL, 12, 'It solved a problem immediately without any support from residents.', 'It combined practical planning with clear communication and monitoring.', 'It depended mainly on expensive imported equipment.', 'It reduced all maintenance requirements to almost zero.', 'B', 'The passage consistently highlights measured improvement, practical design, and follow-up communication rather than instant or cost-free success.'),
(321, 21, 'mcq', 'Question 13: According to the passage, what is one key benefit of the neighborhood park model?', NULL, NULL, 13, 'It solved a problem immediately without any support from residents.', 'It combined practical planning with clear communication and monitoring.', 'It depended mainly on expensive imported equipment.', 'It reduced all maintenance requirements to almost zero.', 'B', 'The passage consistently highlights measured improvement, practical design, and follow-up communication rather than instant or cost-free success.'),
(322, 22, 'mcq', 'Question 1: According to the passage, what is one key benefit of the greywater system?', NULL, NULL, 1, 'It solved a problem immediately without any support from residents.', 'It combined practical planning with clear communication and monitoring.', 'It depended mainly on expensive imported equipment.', 'It reduced all maintenance requirements to almost zero.', 'B', 'The passage consistently highlights measured improvement, practical design, and follow-up communication rather than instant or cost-free success.'),
(323, 22, 'mcq', 'Question 2: Which detail is used as evidence in the passage?', NULL, NULL, 2, 'It solved a problem immediately without any support from residents.', 'It combined practical planning with clear communication and monitoring.', 'It depended mainly on expensive imported equipment.', 'It reduced all maintenance requirements to almost zero.', 'B', 'The passage consistently highlights measured improvement, practical design, and follow-up communication rather than instant or cost-free success.'),
(324, 22, 'mcq', 'Question 3: What can be inferred about public response to the project?', NULL, NULL, 3, 'It solved a problem immediately without any support from residents.', 'It combined practical planning with clear communication and monitoring.', 'It depended mainly on expensive imported equipment.', 'It reduced all maintenance requirements to almost zero.', 'B', 'The passage consistently highlights measured improvement, practical design, and follow-up communication rather than instant or cost-free success.'),
(325, 22, 'mcq', 'Question 4: Which statement best matches the writer overall view?', NULL, NULL, 4, 'It solved a problem immediately without any support from residents.', 'It combined practical planning with clear communication and monitoring.', 'It depended mainly on expensive imported equipment.', 'It reduced all maintenance requirements to almost zero.', 'B', 'The passage consistently highlights measured improvement, practical design, and follow-up communication rather than instant or cost-free success.');
INSERT INTO `questions` (`question_id`, `group_id`, `question_type`, `question_text`, `image_url`, `audio_url`, `order_num`, `option_a`, `option_b`, `option_c`, `option_d`, `correct_answer`, `explanation`) VALUES
(326, 22, 'mcq', 'Question 5: According to the passage, what is one key benefit of the greywater system?', NULL, NULL, 5, 'It solved a problem immediately without any support from residents.', 'It combined practical planning with clear communication and monitoring.', 'It depended mainly on expensive imported equipment.', 'It reduced all maintenance requirements to almost zero.', 'B', 'The passage consistently highlights measured improvement, practical design, and follow-up communication rather than instant or cost-free success.'),
(327, 22, 'mcq', 'Question 6: Which detail is used as evidence in the passage?', NULL, NULL, 6, 'It solved a problem immediately without any support from residents.', 'It combined practical planning with clear communication and monitoring.', 'It depended mainly on expensive imported equipment.', 'It reduced all maintenance requirements to almost zero.', 'B', 'The passage consistently highlights measured improvement, practical design, and follow-up communication rather than instant or cost-free success.'),
(328, 22, 'mcq', 'Question 7: What can be inferred about public response to the project?', NULL, NULL, 7, 'It solved a problem immediately without any support from residents.', 'It combined practical planning with clear communication and monitoring.', 'It depended mainly on expensive imported equipment.', 'It reduced all maintenance requirements to almost zero.', 'B', 'The passage consistently highlights measured improvement, practical design, and follow-up communication rather than instant or cost-free success.'),
(329, 22, 'mcq', 'Question 8: Which statement best matches the writer overall view?', NULL, NULL, 8, 'It solved a problem immediately without any support from residents.', 'It combined practical planning with clear communication and monitoring.', 'It depended mainly on expensive imported equipment.', 'It reduced all maintenance requirements to almost zero.', 'B', 'The passage consistently highlights measured improvement, practical design, and follow-up communication rather than instant or cost-free success.'),
(330, 22, 'mcq', 'Question 9: According to the passage, what is one key benefit of the greywater system?', NULL, NULL, 9, 'It solved a problem immediately without any support from residents.', 'It combined practical planning with clear communication and monitoring.', 'It depended mainly on expensive imported equipment.', 'It reduced all maintenance requirements to almost zero.', 'B', 'The passage consistently highlights measured improvement, practical design, and follow-up communication rather than instant or cost-free success.'),
(331, 22, 'mcq', 'Question 10: Which detail is used as evidence in the passage?', NULL, NULL, 10, 'It solved a problem immediately without any support from residents.', 'It combined practical planning with clear communication and monitoring.', 'It depended mainly on expensive imported equipment.', 'It reduced all maintenance requirements to almost zero.', 'B', 'The passage consistently highlights measured improvement, practical design, and follow-up communication rather than instant or cost-free success.'),
(332, 22, 'mcq', 'Question 11: What can be inferred about public response to the project?', NULL, NULL, 11, 'It solved a problem immediately without any support from residents.', 'It combined practical planning with clear communication and monitoring.', 'It depended mainly on expensive imported equipment.', 'It reduced all maintenance requirements to almost zero.', 'B', 'The passage consistently highlights measured improvement, practical design, and follow-up communication rather than instant or cost-free success.'),
(333, 22, 'mcq', 'Question 12: Which statement best matches the writer overall view?', NULL, NULL, 12, 'It solved a problem immediately without any support from residents.', 'It combined practical planning with clear communication and monitoring.', 'It depended mainly on expensive imported equipment.', 'It reduced all maintenance requirements to almost zero.', 'B', 'The passage consistently highlights measured improvement, practical design, and follow-up communication rather than instant or cost-free success.'),
(334, 22, 'mcq', 'Question 13: According to the passage, what is one key benefit of the greywater system?', NULL, NULL, 13, 'It solved a problem immediately without any support from residents.', 'It combined practical planning with clear communication and monitoring.', 'It depended mainly on expensive imported equipment.', 'It reduced all maintenance requirements to almost zero.', 'B', 'The passage consistently highlights measured improvement, practical design, and follow-up communication rather than instant or cost-free success.'),
(335, 22, 'mcq', 'Question 14: Which detail is used as evidence in the passage?', NULL, NULL, 14, 'It solved a problem immediately without any support from residents.', 'It combined practical planning with clear communication and monitoring.', 'It depended mainly on expensive imported equipment.', 'It reduced all maintenance requirements to almost zero.', 'B', 'The passage consistently highlights measured improvement, practical design, and follow-up communication rather than instant or cost-free success.'),
(336, 26, 'mcq', 'Question 1: According to the passage, what is one key benefit of the revised study routine?', NULL, NULL, 1, 'It solved a problem immediately without any support from residents.', 'It combined practical planning with clear communication and monitoring.', 'It depended mainly on expensive imported equipment.', 'It reduced all maintenance requirements to almost zero.', 'B', 'The passage consistently highlights measured improvement, practical design, and follow-up communication rather than instant or cost-free success.'),
(337, 26, 'mcq', 'Question 2: Which detail is used as evidence in the passage?', NULL, NULL, 2, 'It solved a problem immediately without any support from residents.', 'It combined practical planning with clear communication and monitoring.', 'It depended mainly on expensive imported equipment.', 'It reduced all maintenance requirements to almost zero.', 'B', 'The passage consistently highlights measured improvement, practical design, and follow-up communication rather than instant or cost-free success.'),
(338, 26, 'mcq', 'Question 3: What can be inferred about public response to the project?', NULL, NULL, 3, 'It solved a problem immediately without any support from residents.', 'It combined practical planning with clear communication and monitoring.', 'It depended mainly on expensive imported equipment.', 'It reduced all maintenance requirements to almost zero.', 'B', 'The passage consistently highlights measured improvement, practical design, and follow-up communication rather than instant or cost-free success.'),
(339, 26, 'mcq', 'Question 4: Which statement best matches the writer overall view?', NULL, NULL, 4, 'It solved a problem immediately without any support from residents.', 'It combined practical planning with clear communication and monitoring.', 'It depended mainly on expensive imported equipment.', 'It reduced all maintenance requirements to almost zero.', 'B', 'The passage consistently highlights measured improvement, practical design, and follow-up communication rather than instant or cost-free success.'),
(340, 26, 'mcq', 'Question 5: According to the passage, what is one key benefit of the revised study routine?', NULL, NULL, 5, 'It solved a problem immediately without any support from residents.', 'It combined practical planning with clear communication and monitoring.', 'It depended mainly on expensive imported equipment.', 'It reduced all maintenance requirements to almost zero.', 'B', 'The passage consistently highlights measured improvement, practical design, and follow-up communication rather than instant or cost-free success.'),
(341, 26, 'mcq', 'Question 6: Which detail is used as evidence in the passage?', NULL, NULL, 6, 'It solved a problem immediately without any support from residents.', 'It combined practical planning with clear communication and monitoring.', 'It depended mainly on expensive imported equipment.', 'It reduced all maintenance requirements to almost zero.', 'B', 'The passage consistently highlights measured improvement, practical design, and follow-up communication rather than instant or cost-free success.'),
(342, 26, 'mcq', 'Question 7: What can be inferred about public response to the project?', NULL, NULL, 7, 'It solved a problem immediately without any support from residents.', 'It combined practical planning with clear communication and monitoring.', 'It depended mainly on expensive imported equipment.', 'It reduced all maintenance requirements to almost zero.', 'B', 'The passage consistently highlights measured improvement, practical design, and follow-up communication rather than instant or cost-free success.'),
(343, 26, 'mcq', 'Question 8: Which statement best matches the writer overall view?', NULL, NULL, 8, 'It solved a problem immediately without any support from residents.', 'It combined practical planning with clear communication and monitoring.', 'It depended mainly on expensive imported equipment.', 'It reduced all maintenance requirements to almost zero.', 'B', 'The passage consistently highlights measured improvement, practical design, and follow-up communication rather than instant or cost-free success.'),
(344, 26, 'mcq', 'Question 9: According to the passage, what is one key benefit of the revised study routine?', NULL, NULL, 9, 'It solved a problem immediately without any support from residents.', 'It combined practical planning with clear communication and monitoring.', 'It depended mainly on expensive imported equipment.', 'It reduced all maintenance requirements to almost zero.', 'B', 'The passage consistently highlights measured improvement, practical design, and follow-up communication rather than instant or cost-free success.'),
(345, 26, 'mcq', 'Question 10: Which detail is used as evidence in the passage?', NULL, NULL, 10, 'It solved a problem immediately without any support from residents.', 'It combined practical planning with clear communication and monitoring.', 'It depended mainly on expensive imported equipment.', 'It reduced all maintenance requirements to almost zero.', 'B', 'The passage consistently highlights measured improvement, practical design, and follow-up communication rather than instant or cost-free success.'),
(346, 26, 'mcq', 'Question 11: What can be inferred about public response to the project?', NULL, NULL, 11, 'It solved a problem immediately without any support from residents.', 'It combined practical planning with clear communication and monitoring.', 'It depended mainly on expensive imported equipment.', 'It reduced all maintenance requirements to almost zero.', 'B', 'The passage consistently highlights measured improvement, practical design, and follow-up communication rather than instant or cost-free success.'),
(347, 26, 'mcq', 'Question 12: Which statement best matches the writer overall view?', NULL, NULL, 12, 'It solved a problem immediately without any support from residents.', 'It combined practical planning with clear communication and monitoring.', 'It depended mainly on expensive imported equipment.', 'It reduced all maintenance requirements to almost zero.', 'B', 'The passage consistently highlights measured improvement, practical design, and follow-up communication rather than instant or cost-free success.'),
(348, 26, 'mcq', 'Question 13: According to the passage, what is one key benefit of the revised study routine?', NULL, NULL, 13, 'It solved a problem immediately without any support from residents.', 'It combined practical planning with clear communication and monitoring.', 'It depended mainly on expensive imported equipment.', 'It reduced all maintenance requirements to almost zero.', 'B', 'The passage consistently highlights measured improvement, practical design, and follow-up communication rather than instant or cost-free success.'),
(349, 27, 'mcq', 'Question 1: According to the passage, what is one key benefit of the refill-shop policy?', NULL, NULL, 1, 'It solved a problem immediately without any support from residents.', 'It combined practical planning with clear communication and monitoring.', 'It depended mainly on expensive imported equipment.', 'It reduced all maintenance requirements to almost zero.', 'B', 'The passage consistently highlights measured improvement, practical design, and follow-up communication rather than instant or cost-free success.'),
(350, 27, 'mcq', 'Question 2: Which detail is used as evidence in the passage?', NULL, NULL, 2, 'It solved a problem immediately without any support from residents.', 'It combined practical planning with clear communication and monitoring.', 'It depended mainly on expensive imported equipment.', 'It reduced all maintenance requirements to almost zero.', 'B', 'The passage consistently highlights measured improvement, practical design, and follow-up communication rather than instant or cost-free success.'),
(351, 27, 'mcq', 'Question 3: What can be inferred about public response to the project?', NULL, NULL, 3, 'It solved a problem immediately without any support from residents.', 'It combined practical planning with clear communication and monitoring.', 'It depended mainly on expensive imported equipment.', 'It reduced all maintenance requirements to almost zero.', 'B', 'The passage consistently highlights measured improvement, practical design, and follow-up communication rather than instant or cost-free success.'),
(352, 27, 'mcq', 'Question 4: Which statement best matches the writer overall view?', NULL, NULL, 4, 'It solved a problem immediately without any support from residents.', 'It combined practical planning with clear communication and monitoring.', 'It depended mainly on expensive imported equipment.', 'It reduced all maintenance requirements to almost zero.', 'B', 'The passage consistently highlights measured improvement, practical design, and follow-up communication rather than instant or cost-free success.'),
(353, 27, 'mcq', 'Question 5: According to the passage, what is one key benefit of the refill-shop policy?', NULL, NULL, 5, 'It solved a problem immediately without any support from residents.', 'It combined practical planning with clear communication and monitoring.', 'It depended mainly on expensive imported equipment.', 'It reduced all maintenance requirements to almost zero.', 'B', 'The passage consistently highlights measured improvement, practical design, and follow-up communication rather than instant or cost-free success.'),
(354, 27, 'mcq', 'Question 6: Which detail is used as evidence in the passage?', NULL, NULL, 6, 'It solved a problem immediately without any support from residents.', 'It combined practical planning with clear communication and monitoring.', 'It depended mainly on expensive imported equipment.', 'It reduced all maintenance requirements to almost zero.', 'B', 'The passage consistently highlights measured improvement, practical design, and follow-up communication rather than instant or cost-free success.'),
(355, 27, 'mcq', 'Question 7: What can be inferred about public response to the project?', NULL, NULL, 7, 'It solved a problem immediately without any support from residents.', 'It combined practical planning with clear communication and monitoring.', 'It depended mainly on expensive imported equipment.', 'It reduced all maintenance requirements to almost zero.', 'B', 'The passage consistently highlights measured improvement, practical design, and follow-up communication rather than instant or cost-free success.'),
(356, 27, 'mcq', 'Question 8: Which statement best matches the writer overall view?', NULL, NULL, 8, 'It solved a problem immediately without any support from residents.', 'It combined practical planning with clear communication and monitoring.', 'It depended mainly on expensive imported equipment.', 'It reduced all maintenance requirements to almost zero.', 'B', 'The passage consistently highlights measured improvement, practical design, and follow-up communication rather than instant or cost-free success.'),
(357, 27, 'mcq', 'Question 9: According to the passage, what is one key benefit of the refill-shop policy?', NULL, NULL, 9, 'It solved a problem immediately without any support from residents.', 'It combined practical planning with clear communication and monitoring.', 'It depended mainly on expensive imported equipment.', 'It reduced all maintenance requirements to almost zero.', 'B', 'The passage consistently highlights measured improvement, practical design, and follow-up communication rather than instant or cost-free success.'),
(358, 27, 'mcq', 'Question 10: Which detail is used as evidence in the passage?', NULL, NULL, 10, 'It solved a problem immediately without any support from residents.', 'It combined practical planning with clear communication and monitoring.', 'It depended mainly on expensive imported equipment.', 'It reduced all maintenance requirements to almost zero.', 'B', 'The passage consistently highlights measured improvement, practical design, and follow-up communication rather than instant or cost-free success.'),
(359, 27, 'mcq', 'Question 11: What can be inferred about public response to the project?', NULL, NULL, 11, 'It solved a problem immediately without any support from residents.', 'It combined practical planning with clear communication and monitoring.', 'It depended mainly on expensive imported equipment.', 'It reduced all maintenance requirements to almost zero.', 'B', 'The passage consistently highlights measured improvement, practical design, and follow-up communication rather than instant or cost-free success.'),
(360, 27, 'mcq', 'Question 12: Which statement best matches the writer overall view?', NULL, NULL, 12, 'It solved a problem immediately without any support from residents.', 'It combined practical planning with clear communication and monitoring.', 'It depended mainly on expensive imported equipment.', 'It reduced all maintenance requirements to almost zero.', 'B', 'The passage consistently highlights measured improvement, practical design, and follow-up communication rather than instant or cost-free success.'),
(361, 27, 'mcq', 'Question 13: According to the passage, what is one key benefit of the refill-shop policy?', NULL, NULL, 13, 'It solved a problem immediately without any support from residents.', 'It combined practical planning with clear communication and monitoring.', 'It depended mainly on expensive imported equipment.', 'It reduced all maintenance requirements to almost zero.', 'B', 'The passage consistently highlights measured improvement, practical design, and follow-up communication rather than instant or cost-free success.'),
(362, 28, 'mcq', 'Question 1: According to the passage, what is one key benefit of the redesigned museum exhibits?', NULL, NULL, 1, 'It solved a problem immediately without any support from residents.', 'It combined practical planning with clear communication and monitoring.', 'It depended mainly on expensive imported equipment.', 'It reduced all maintenance requirements to almost zero.', 'B', 'The passage consistently highlights measured improvement, practical design, and follow-up communication rather than instant or cost-free success.'),
(363, 28, 'mcq', 'Question 2: Which detail is used as evidence in the passage?', NULL, NULL, 2, 'It solved a problem immediately without any support from residents.', 'It combined practical planning with clear communication and monitoring.', 'It depended mainly on expensive imported equipment.', 'It reduced all maintenance requirements to almost zero.', 'B', 'The passage consistently highlights measured improvement, practical design, and follow-up communication rather than instant or cost-free success.'),
(364, 28, 'mcq', 'Question 3: What can be inferred about public response to the project?', NULL, NULL, 3, 'It solved a problem immediately without any support from residents.', 'It combined practical planning with clear communication and monitoring.', 'It depended mainly on expensive imported equipment.', 'It reduced all maintenance requirements to almost zero.', 'B', 'The passage consistently highlights measured improvement, practical design, and follow-up communication rather than instant or cost-free success.'),
(365, 28, 'mcq', 'Question 4: Which statement best matches the writer overall view?', NULL, NULL, 4, 'It solved a problem immediately without any support from residents.', 'It combined practical planning with clear communication and monitoring.', 'It depended mainly on expensive imported equipment.', 'It reduced all maintenance requirements to almost zero.', 'B', 'The passage consistently highlights measured improvement, practical design, and follow-up communication rather than instant or cost-free success.'),
(366, 28, 'mcq', 'Question 5: According to the passage, what is one key benefit of the redesigned museum exhibits?', NULL, NULL, 5, 'It solved a problem immediately without any support from residents.', 'It combined practical planning with clear communication and monitoring.', 'It depended mainly on expensive imported equipment.', 'It reduced all maintenance requirements to almost zero.', 'B', 'The passage consistently highlights measured improvement, practical design, and follow-up communication rather than instant or cost-free success.'),
(367, 28, 'mcq', 'Question 6: Which detail is used as evidence in the passage?', NULL, NULL, 6, 'It solved a problem immediately without any support from residents.', 'It combined practical planning with clear communication and monitoring.', 'It depended mainly on expensive imported equipment.', 'It reduced all maintenance requirements to almost zero.', 'B', 'The passage consistently highlights measured improvement, practical design, and follow-up communication rather than instant or cost-free success.'),
(368, 28, 'mcq', 'Question 7: What can be inferred about public response to the project?', NULL, NULL, 7, 'It solved a problem immediately without any support from residents.', 'It combined practical planning with clear communication and monitoring.', 'It depended mainly on expensive imported equipment.', 'It reduced all maintenance requirements to almost zero.', 'B', 'The passage consistently highlights measured improvement, practical design, and follow-up communication rather than instant or cost-free success.'),
(369, 28, 'mcq', 'Question 8: Which statement best matches the writer overall view?', NULL, NULL, 8, 'It solved a problem immediately without any support from residents.', 'It combined practical planning with clear communication and monitoring.', 'It depended mainly on expensive imported equipment.', 'It reduced all maintenance requirements to almost zero.', 'B', 'The passage consistently highlights measured improvement, practical design, and follow-up communication rather than instant or cost-free success.'),
(370, 28, 'mcq', 'Question 9: According to the passage, what is one key benefit of the redesigned museum exhibits?', NULL, NULL, 9, 'It solved a problem immediately without any support from residents.', 'It combined practical planning with clear communication and monitoring.', 'It depended mainly on expensive imported equipment.', 'It reduced all maintenance requirements to almost zero.', 'B', 'The passage consistently highlights measured improvement, practical design, and follow-up communication rather than instant or cost-free success.'),
(371, 28, 'mcq', 'Question 10: Which detail is used as evidence in the passage?', NULL, NULL, 10, 'It solved a problem immediately without any support from residents.', 'It combined practical planning with clear communication and monitoring.', 'It depended mainly on expensive imported equipment.', 'It reduced all maintenance requirements to almost zero.', 'B', 'The passage consistently highlights measured improvement, practical design, and follow-up communication rather than instant or cost-free success.'),
(372, 28, 'mcq', 'Question 11: What can be inferred about public response to the project?', NULL, NULL, 11, 'It solved a problem immediately without any support from residents.', 'It combined practical planning with clear communication and monitoring.', 'It depended mainly on expensive imported equipment.', 'It reduced all maintenance requirements to almost zero.', 'B', 'The passage consistently highlights measured improvement, practical design, and follow-up communication rather than instant or cost-free success.'),
(373, 28, 'mcq', 'Question 12: Which statement best matches the writer overall view?', NULL, NULL, 12, 'It solved a problem immediately without any support from residents.', 'It combined practical planning with clear communication and monitoring.', 'It depended mainly on expensive imported equipment.', 'It reduced all maintenance requirements to almost zero.', 'B', 'The passage consistently highlights measured improvement, practical design, and follow-up communication rather than instant or cost-free success.'),
(374, 28, 'mcq', 'Question 13: According to the passage, what is one key benefit of the redesigned museum exhibits?', NULL, NULL, 13, 'It solved a problem immediately without any support from residents.', 'It combined practical planning with clear communication and monitoring.', 'It depended mainly on expensive imported equipment.', 'It reduced all maintenance requirements to almost zero.', 'B', 'The passage consistently highlights measured improvement, practical design, and follow-up communication rather than instant or cost-free success.'),
(375, 28, 'mcq', 'Question 14: Which detail is used as evidence in the passage?', NULL, NULL, 14, 'It solved a problem immediately without any support from residents.', 'It combined practical planning with clear communication and monitoring.', 'It depended mainly on expensive imported equipment.', 'It reduced all maintenance requirements to almost zero.', 'B', 'The passage consistently highlights measured improvement, practical design, and follow-up communication rather than instant or cost-free success.'),
(376, 46, 'mcq', 'Question 1: According to the passage, what is one key benefit of the smaller cycling interventions?', NULL, NULL, 1, 'It solved a problem immediately without any support from residents.', 'It combined practical planning with clear communication and monitoring.', 'It depended mainly on expensive imported equipment.', 'It reduced all maintenance requirements to almost zero.', 'B', 'The passage consistently highlights measured improvement, practical design, and follow-up communication rather than instant or cost-free success.'),
(377, 46, 'mcq', 'Question 2: Which detail is used as evidence in the passage?', NULL, NULL, 2, 'It solved a problem immediately without any support from residents.', 'It combined practical planning with clear communication and monitoring.', 'It depended mainly on expensive imported equipment.', 'It reduced all maintenance requirements to almost zero.', 'B', 'The passage consistently highlights measured improvement, practical design, and follow-up communication rather than instant or cost-free success.'),
(378, 46, 'mcq', 'Question 3: What can be inferred about public response to the project?', NULL, NULL, 3, 'It solved a problem immediately without any support from residents.', 'It combined practical planning with clear communication and monitoring.', 'It depended mainly on expensive imported equipment.', 'It reduced all maintenance requirements to almost zero.', 'B', 'The passage consistently highlights measured improvement, practical design, and follow-up communication rather than instant or cost-free success.'),
(379, 46, 'mcq', 'Question 4: Which statement best matches the writer overall view?', NULL, NULL, 4, 'It solved a problem immediately without any support from residents.', 'It combined practical planning with clear communication and monitoring.', 'It depended mainly on expensive imported equipment.', 'It reduced all maintenance requirements to almost zero.', 'B', 'The passage consistently highlights measured improvement, practical design, and follow-up communication rather than instant or cost-free success.'),
(380, 46, 'mcq', 'Question 5: According to the passage, what is one key benefit of the smaller cycling interventions?', NULL, NULL, 5, 'It solved a problem immediately without any support from residents.', 'It combined practical planning with clear communication and monitoring.', 'It depended mainly on expensive imported equipment.', 'It reduced all maintenance requirements to almost zero.', 'B', 'The passage consistently highlights measured improvement, practical design, and follow-up communication rather than instant or cost-free success.'),
(381, 46, 'mcq', 'Question 6: Which detail is used as evidence in the passage?', NULL, NULL, 6, 'It solved a problem immediately without any support from residents.', 'It combined practical planning with clear communication and monitoring.', 'It depended mainly on expensive imported equipment.', 'It reduced all maintenance requirements to almost zero.', 'B', 'The passage consistently highlights measured improvement, practical design, and follow-up communication rather than instant or cost-free success.'),
(382, 46, 'mcq', 'Question 7: What can be inferred about public response to the project?', NULL, NULL, 7, 'It solved a problem immediately without any support from residents.', 'It combined practical planning with clear communication and monitoring.', 'It depended mainly on expensive imported equipment.', 'It reduced all maintenance requirements to almost zero.', 'B', 'The passage consistently highlights measured improvement, practical design, and follow-up communication rather than instant or cost-free success.'),
(383, 46, 'mcq', 'Question 8: Which statement best matches the writer overall view?', NULL, NULL, 8, 'It solved a problem immediately without any support from residents.', 'It combined practical planning with clear communication and monitoring.', 'It depended mainly on expensive imported equipment.', 'It reduced all maintenance requirements to almost zero.', 'B', 'The passage consistently highlights measured improvement, practical design, and follow-up communication rather than instant or cost-free success.'),
(384, 46, 'mcq', 'Question 9: According to the passage, what is one key benefit of the smaller cycling interventions?', NULL, NULL, 9, 'It solved a problem immediately without any support from residents.', 'It combined practical planning with clear communication and monitoring.', 'It depended mainly on expensive imported equipment.', 'It reduced all maintenance requirements to almost zero.', 'B', 'The passage consistently highlights measured improvement, practical design, and follow-up communication rather than instant or cost-free success.'),
(385, 46, 'mcq', 'Question 10: Which detail is used as evidence in the passage?', NULL, NULL, 10, 'It solved a problem immediately without any support from residents.', 'It combined practical planning with clear communication and monitoring.', 'It depended mainly on expensive imported equipment.', 'It reduced all maintenance requirements to almost zero.', 'B', 'The passage consistently highlights measured improvement, practical design, and follow-up communication rather than instant or cost-free success.'),
(386, 46, 'mcq', 'Question 11: What can be inferred about public response to the project?', NULL, NULL, 11, 'It solved a problem immediately without any support from residents.', 'It combined practical planning with clear communication and monitoring.', 'It depended mainly on expensive imported equipment.', 'It reduced all maintenance requirements to almost zero.', 'B', 'The passage consistently highlights measured improvement, practical design, and follow-up communication rather than instant or cost-free success.'),
(387, 46, 'mcq', 'Question 12: Which statement best matches the writer overall view?', NULL, NULL, 12, 'It solved a problem immediately without any support from residents.', 'It combined practical planning with clear communication and monitoring.', 'It depended mainly on expensive imported equipment.', 'It reduced all maintenance requirements to almost zero.', 'B', 'The passage consistently highlights measured improvement, practical design, and follow-up communication rather than instant or cost-free success.'),
(388, 46, 'mcq', 'Question 13: According to the passage, what is one key benefit of the smaller cycling interventions?', NULL, NULL, 13, 'It solved a problem immediately without any support from residents.', 'It combined practical planning with clear communication and monitoring.', 'It depended mainly on expensive imported equipment.', 'It reduced all maintenance requirements to almost zero.', 'B', 'The passage consistently highlights measured improvement, practical design, and follow-up communication rather than instant or cost-free success.'),
(389, 47, 'mcq', 'Question 1: According to the passage, what is one key benefit of the wetland restoration plan?', NULL, NULL, 1, 'It solved a problem immediately without any support from residents.', 'It combined practical planning with clear communication and monitoring.', 'It depended mainly on expensive imported equipment.', 'It reduced all maintenance requirements to almost zero.', 'B', 'The passage consistently highlights measured improvement, practical design, and follow-up communication rather than instant or cost-free success.'),
(390, 47, 'mcq', 'Question 2: Which detail is used as evidence in the passage?', NULL, NULL, 2, 'It solved a problem immediately without any support from residents.', 'It combined practical planning with clear communication and monitoring.', 'It depended mainly on expensive imported equipment.', 'It reduced all maintenance requirements to almost zero.', 'B', 'The passage consistently highlights measured improvement, practical design, and follow-up communication rather than instant or cost-free success.'),
(391, 47, 'mcq', 'Question 3: What can be inferred about public response to the project?', NULL, NULL, 3, 'It solved a problem immediately without any support from residents.', 'It combined practical planning with clear communication and monitoring.', 'It depended mainly on expensive imported equipment.', 'It reduced all maintenance requirements to almost zero.', 'B', 'The passage consistently highlights measured improvement, practical design, and follow-up communication rather than instant or cost-free success.'),
(392, 47, 'mcq', 'Question 4: Which statement best matches the writer overall view?', NULL, NULL, 4, 'It solved a problem immediately without any support from residents.', 'It combined practical planning with clear communication and monitoring.', 'It depended mainly on expensive imported equipment.', 'It reduced all maintenance requirements to almost zero.', 'B', 'The passage consistently highlights measured improvement, practical design, and follow-up communication rather than instant or cost-free success.'),
(393, 47, 'mcq', 'Question 5: According to the passage, what is one key benefit of the wetland restoration plan?', NULL, NULL, 5, 'It solved a problem immediately without any support from residents.', 'It combined practical planning with clear communication and monitoring.', 'It depended mainly on expensive imported equipment.', 'It reduced all maintenance requirements to almost zero.', 'B', 'The passage consistently highlights measured improvement, practical design, and follow-up communication rather than instant or cost-free success.'),
(394, 47, 'mcq', 'Question 6: Which detail is used as evidence in the passage?', NULL, NULL, 6, 'It solved a problem immediately without any support from residents.', 'It combined practical planning with clear communication and monitoring.', 'It depended mainly on expensive imported equipment.', 'It reduced all maintenance requirements to almost zero.', 'B', 'The passage consistently highlights measured improvement, practical design, and follow-up communication rather than instant or cost-free success.'),
(395, 47, 'mcq', 'Question 7: What can be inferred about public response to the project?', NULL, NULL, 7, 'It solved a problem immediately without any support from residents.', 'It combined practical planning with clear communication and monitoring.', 'It depended mainly on expensive imported equipment.', 'It reduced all maintenance requirements to almost zero.', 'B', 'The passage consistently highlights measured improvement, practical design, and follow-up communication rather than instant or cost-free success.'),
(396, 47, 'mcq', 'Question 8: Which statement best matches the writer overall view?', NULL, NULL, 8, 'It solved a problem immediately without any support from residents.', 'It combined practical planning with clear communication and monitoring.', 'It depended mainly on expensive imported equipment.', 'It reduced all maintenance requirements to almost zero.', 'B', 'The passage consistently highlights measured improvement, practical design, and follow-up communication rather than instant or cost-free success.'),
(397, 47, 'mcq', 'Question 9: According to the passage, what is one key benefit of the wetland restoration plan?', NULL, NULL, 9, 'It solved a problem immediately without any support from residents.', 'It combined practical planning with clear communication and monitoring.', 'It depended mainly on expensive imported equipment.', 'It reduced all maintenance requirements to almost zero.', 'B', 'The passage consistently highlights measured improvement, practical design, and follow-up communication rather than instant or cost-free success.'),
(398, 47, 'mcq', 'Question 10: Which detail is used as evidence in the passage?', NULL, NULL, 10, 'It solved a problem immediately without any support from residents.', 'It combined practical planning with clear communication and monitoring.', 'It depended mainly on expensive imported equipment.', 'It reduced all maintenance requirements to almost zero.', 'B', 'The passage consistently highlights measured improvement, practical design, and follow-up communication rather than instant or cost-free success.'),
(399, 47, 'mcq', 'Question 11: What can be inferred about public response to the project?', NULL, NULL, 11, 'It solved a problem immediately without any support from residents.', 'It combined practical planning with clear communication and monitoring.', 'It depended mainly on expensive imported equipment.', 'It reduced all maintenance requirements to almost zero.', 'B', 'The passage consistently highlights measured improvement, practical design, and follow-up communication rather than instant or cost-free success.'),
(400, 47, 'mcq', 'Question 12: Which statement best matches the writer overall view?', NULL, NULL, 12, 'It solved a problem immediately without any support from residents.', 'It combined practical planning with clear communication and monitoring.', 'It depended mainly on expensive imported equipment.', 'It reduced all maintenance requirements to almost zero.', 'B', 'The passage consistently highlights measured improvement, practical design, and follow-up communication rather than instant or cost-free success.'),
(401, 47, 'mcq', 'Question 13: According to the passage, what is one key benefit of the wetland restoration plan?', NULL, NULL, 13, 'It solved a problem immediately without any support from residents.', 'It combined practical planning with clear communication and monitoring.', 'It depended mainly on expensive imported equipment.', 'It reduced all maintenance requirements to almost zero.', 'B', 'The passage consistently highlights measured improvement, practical design, and follow-up communication rather than instant or cost-free success.'),
(402, 48, 'mcq', 'Question 1: According to the passage, what is one key benefit of the railway food trade?', NULL, NULL, 1, 'It solved a problem immediately without any support from residents.', 'It combined practical planning with clear communication and monitoring.', 'It depended mainly on expensive imported equipment.', 'It reduced all maintenance requirements to almost zero.', 'B', 'The passage consistently highlights measured improvement, practical design, and follow-up communication rather than instant or cost-free success.'),
(403, 48, 'mcq', 'Question 2: Which detail is used as evidence in the passage?', NULL, NULL, 2, 'It solved a problem immediately without any support from residents.', 'It combined practical planning with clear communication and monitoring.', 'It depended mainly on expensive imported equipment.', 'It reduced all maintenance requirements to almost zero.', 'B', 'The passage consistently highlights measured improvement, practical design, and follow-up communication rather than instant or cost-free success.'),
(404, 48, 'mcq', 'Question 3: What can be inferred about public response to the project?', NULL, NULL, 3, 'It solved a problem immediately without any support from residents.', 'It combined practical planning with clear communication and monitoring.', 'It depended mainly on expensive imported equipment.', 'It reduced all maintenance requirements to almost zero.', 'B', 'The passage consistently highlights measured improvement, practical design, and follow-up communication rather than instant or cost-free success.'),
(405, 48, 'mcq', 'Question 4: Which statement best matches the writer overall view?', NULL, NULL, 4, 'It solved a problem immediately without any support from residents.', 'It combined practical planning with clear communication and monitoring.', 'It depended mainly on expensive imported equipment.', 'It reduced all maintenance requirements to almost zero.', 'B', 'The passage consistently highlights measured improvement, practical design, and follow-up communication rather than instant or cost-free success.'),
(406, 48, 'mcq', 'Question 5: According to the passage, what is one key benefit of the railway food trade?', NULL, NULL, 5, 'It solved a problem immediately without any support from residents.', 'It combined practical planning with clear communication and monitoring.', 'It depended mainly on expensive imported equipment.', 'It reduced all maintenance requirements to almost zero.', 'B', 'The passage consistently highlights measured improvement, practical design, and follow-up communication rather than instant or cost-free success.'),
(407, 48, 'mcq', 'Question 6: Which detail is used as evidence in the passage?', NULL, NULL, 6, 'It solved a problem immediately without any support from residents.', 'It combined practical planning with clear communication and monitoring.', 'It depended mainly on expensive imported equipment.', 'It reduced all maintenance requirements to almost zero.', 'B', 'The passage consistently highlights measured improvement, practical design, and follow-up communication rather than instant or cost-free success.'),
(408, 48, 'mcq', 'Question 7: What can be inferred about public response to the project?', NULL, NULL, 7, 'It solved a problem immediately without any support from residents.', 'It combined practical planning with clear communication and monitoring.', 'It depended mainly on expensive imported equipment.', 'It reduced all maintenance requirements to almost zero.', 'B', 'The passage consistently highlights measured improvement, practical design, and follow-up communication rather than instant or cost-free success.'),
(409, 48, 'mcq', 'Question 8: Which statement best matches the writer overall view?', NULL, NULL, 8, 'It solved a problem immediately without any support from residents.', 'It combined practical planning with clear communication and monitoring.', 'It depended mainly on expensive imported equipment.', 'It reduced all maintenance requirements to almost zero.', 'B', 'The passage consistently highlights measured improvement, practical design, and follow-up communication rather than instant or cost-free success.'),
(410, 48, 'mcq', 'Question 9: According to the passage, what is one key benefit of the railway food trade?', NULL, NULL, 9, 'It solved a problem immediately without any support from residents.', 'It combined practical planning with clear communication and monitoring.', 'It depended mainly on expensive imported equipment.', 'It reduced all maintenance requirements to almost zero.', 'B', 'The passage consistently highlights measured improvement, practical design, and follow-up communication rather than instant or cost-free success.'),
(411, 48, 'mcq', 'Question 10: Which detail is used as evidence in the passage?', NULL, NULL, 10, 'It solved a problem immediately without any support from residents.', 'It combined practical planning with clear communication and monitoring.', 'It depended mainly on expensive imported equipment.', 'It reduced all maintenance requirements to almost zero.', 'B', 'The passage consistently highlights measured improvement, practical design, and follow-up communication rather than instant or cost-free success.'),
(412, 48, 'mcq', 'Question 11: What can be inferred about public response to the project?', NULL, NULL, 11, 'It solved a problem immediately without any support from residents.', 'It combined practical planning with clear communication and monitoring.', 'It depended mainly on expensive imported equipment.', 'It reduced all maintenance requirements to almost zero.', 'B', 'The passage consistently highlights measured improvement, practical design, and follow-up communication rather than instant or cost-free success.'),
(413, 48, 'mcq', 'Question 12: Which statement best matches the writer overall view?', NULL, NULL, 12, 'It solved a problem immediately without any support from residents.', 'It combined practical planning with clear communication and monitoring.', 'It depended mainly on expensive imported equipment.', 'It reduced all maintenance requirements to almost zero.', 'B', 'The passage consistently highlights measured improvement, practical design, and follow-up communication rather than instant or cost-free success.'),
(414, 48, 'mcq', 'Question 13: According to the passage, what is one key benefit of the railway food trade?', NULL, NULL, 13, 'It solved a problem immediately without any support from residents.', 'It combined practical planning with clear communication and monitoring.', 'It depended mainly on expensive imported equipment.', 'It reduced all maintenance requirements to almost zero.', 'B', 'The passage consistently highlights measured improvement, practical design, and follow-up communication rather than instant or cost-free success.'),
(415, 48, 'mcq', 'Question 14: Which detail is used as evidence in the passage?', NULL, NULL, 14, 'It solved a problem immediately without any support from residents.', 'It combined practical planning with clear communication and monitoring.', 'It depended mainly on expensive imported equipment.', 'It reduced all maintenance requirements to almost zero.', 'B', 'The passage consistently highlights measured improvement, practical design, and follow-up communication rather than instant or cost-free success.'),
(511, 23, 'writing', 'The chart below shows how employees in Metro City traveled to work in 2018 and 2025. Summarize the information by selecting and reporting the main features, and make comparisons where relevant.', NULL, NULL, 1, NULL, NULL, NULL, NULL, 'Open ended writing task', 'This task is graded manually using task achievement, cohesion, vocabulary, and grammar.'),
(512, 29, 'writing', 'The graph compares weekly library visits by four age groups between 2019 and 2024. Summarize the information by selecting and reporting the main features, and make comparisons where relevant.', NULL, NULL, 1, NULL, NULL, NULL, NULL, 'Open ended writing task', 'This task is graded manually using task achievement, cohesion, vocabulary, and grammar.'),
(513, 49, 'writing', 'The bar chart compares household energy use for lighting, cooling, cooking, and devices in 2015 and 2025. Summarize the information by selecting and reporting the main features.', NULL, NULL, 1, NULL, NULL, NULL, NULL, 'Open ended writing task', 'This task is graded manually using task achievement, cohesion, vocabulary, and grammar.'),
(514, 8, 'writing', 'Some city governments are considering strict limits on private cars in downtown areas. Do the advantages of this policy outweigh the disadvantages?', NULL, NULL, 1, NULL, NULL, NULL, NULL, 'Open ended writing task', 'This task is graded manually using task response, coherence, lexical resource, and grammar.'),
(515, 24, 'writing', 'Some people believe governments should invest more in public transport than in new roads for private vehicles. Discuss both views and give your own opinion.', NULL, NULL, 1, NULL, NULL, NULL, NULL, 'Open ended writing task', 'This task is graded manually using task response, coherence, lexical resource, and grammar.'),
(516, 30, 'writing', 'Many companies now allow staff to work from home several days each week. Do the advantages of this arrangement outweigh the disadvantages?', NULL, NULL, 1, NULL, NULL, NULL, NULL, 'Open ended writing task', 'This task is graded manually using task response, coherence, lexical resource, and grammar.'),
(517, 50, 'writing', 'Many people think that children spend too much time looking at screens and not enough time doing outdoor activities. To what extent do you agree or disagree?', NULL, NULL, 1, NULL, NULL, NULL, NULL, 'Open ended writing task', 'This task is graded manually using task response, coherence, lexical resource, and grammar.'),
(521, 9, 'mcq', 'Question 1: The finance team requested that all expense forms be submitted by Friday so that reimbursements could be processed ____ the monthly review meeting.', NULL, NULL, 1, 'before', 'during', 'among', 'since', 'A', 'The sentence needs a preposition showing time before an event.');
INSERT INTO `questions` (`question_id`, `group_id`, `question_type`, `question_text`, `image_url`, `audio_url`, `order_num`, `option_a`, `option_b`, `option_c`, `option_d`, `correct_answer`, `explanation`) VALUES
(522, 9, 'mcq', 'Question 2: Ms. Lee will present the updated sales forecast at the meeting, and the branch managers are expected to review it ____ advance.', NULL, NULL, 2, 'in', 'on', 'for', 'at', 'A', 'The fixed phrase is review something in advance.'),
(523, 9, 'mcq', 'Question 3: Because the shipment was delayed at customs, the purchasing department had to ____ the delivery schedule for several clients.', NULL, NULL, 3, 'revise', 'revision', 'revised', 'revising', 'A', 'After had to, the base verb revise is required.'),
(524, 9, 'mcq', 'Question 4: The HR memo was written clearly enough for new employees to understand the parking policy without asking for further ____.', NULL, NULL, 4, 'explaining', 'clarification', 'clarify', 'clarified', 'B', 'The noun clarification fits after further.'),
(525, 9, 'mcq', 'Question 5: If the printer lease is approved today, the accounting office ____ the replacement order before noon tomorrow.', NULL, NULL, 5, 'will place', 'placed', 'places', 'has placed', 'A', 'The future action will place matches the time expression tomorrow.'),
(526, 9, 'mcq', 'Question 6: Customer complaints decreased after the support team began responding more ____ to technical questions.', NULL, NULL, 6, 'promptly', 'prompts', 'prompt', 'promptness', 'A', 'An adverb is needed to modify responding.'),
(527, 9, 'mcq', 'Question 7: The finance team requested that all expense forms be submitted by Friday so that reimbursements could be processed ____ the monthly review meeting.', NULL, NULL, 7, 'before', 'during', 'among', 'since', 'A', 'The sentence needs a preposition showing time before an event.'),
(528, 9, 'mcq', 'Question 8: Ms. Lee will present the updated sales forecast at the meeting, and the branch managers are expected to review it ____ advance.', NULL, NULL, 8, 'in', 'on', 'for', 'at', 'A', 'The fixed phrase is review something in advance.'),
(529, 9, 'mcq', 'Question 9: Because the shipment was delayed at customs, the purchasing department had to ____ the delivery schedule for several clients.', NULL, NULL, 9, 'revise', 'revision', 'revised', 'revising', 'A', 'After had to, the base verb revise is required.'),
(530, 9, 'mcq', 'Question 10: The HR memo was written clearly enough for new employees to understand the parking policy without asking for further ____.', NULL, NULL, 10, 'explaining', 'clarification', 'clarify', 'clarified', 'B', 'The noun clarification fits after further.'),
(531, 9, 'mcq', 'Question 11: If the printer lease is approved today, the accounting office ____ the replacement order before noon tomorrow.', NULL, NULL, 11, 'will place', 'placed', 'places', 'has placed', 'A', 'The future action will place matches the time expression tomorrow.'),
(532, 9, 'mcq', 'Question 12: Customer complaints decreased after the support team began responding more ____ to technical questions.', NULL, NULL, 12, 'promptly', 'prompts', 'prompt', 'promptness', 'A', 'An adverb is needed to modify responding.'),
(533, 9, 'mcq', 'Question 13: The finance team requested that all expense forms be submitted by Friday so that reimbursements could be processed ____ the monthly review meeting.', NULL, NULL, 13, 'before', 'during', 'among', 'since', 'A', 'The sentence needs a preposition showing time before an event.'),
(534, 9, 'mcq', 'Question 14: Ms. Lee will present the updated sales forecast at the meeting, and the branch managers are expected to review it ____ advance.', NULL, NULL, 14, 'in', 'on', 'for', 'at', 'A', 'The fixed phrase is review something in advance.'),
(535, 9, 'mcq', 'Question 15: Because the shipment was delayed at customs, the purchasing department had to ____ the delivery schedule for several clients.', NULL, NULL, 15, 'revise', 'revision', 'revised', 'revising', 'A', 'After had to, the base verb revise is required.'),
(536, 9, 'mcq', 'Question 16: The HR memo was written clearly enough for new employees to understand the parking policy without asking for further ____.', NULL, NULL, 16, 'explaining', 'clarification', 'clarify', 'clarified', 'B', 'The noun clarification fits after further.'),
(537, 9, 'mcq', 'Question 17: If the printer lease is approved today, the accounting office ____ the replacement order before noon tomorrow.', NULL, NULL, 17, 'will place', 'placed', 'places', 'has placed', 'A', 'The future action will place matches the time expression tomorrow.'),
(538, 9, 'mcq', 'Question 18: Customer complaints decreased after the support team began responding more ____ to technical questions.', NULL, NULL, 18, 'promptly', 'prompts', 'prompt', 'promptness', 'A', 'An adverb is needed to modify responding.'),
(539, 9, 'mcq', 'Question 19: The finance team requested that all expense forms be submitted by Friday so that reimbursements could be processed ____ the monthly review meeting.', NULL, NULL, 19, 'before', 'during', 'among', 'since', 'A', 'The sentence needs a preposition showing time before an event.'),
(540, 9, 'mcq', 'Question 20: Ms. Lee will present the updated sales forecast at the meeting, and the branch managers are expected to review it ____ advance.', NULL, NULL, 20, 'in', 'on', 'for', 'at', 'A', 'The fixed phrase is review something in advance.'),
(541, 9, 'mcq', 'Question 21: Because the shipment was delayed at customs, the purchasing department had to ____ the delivery schedule for several clients.', NULL, NULL, 21, 'revise', 'revision', 'revised', 'revising', 'A', 'After had to, the base verb revise is required.'),
(542, 9, 'mcq', 'Question 22: The HR memo was written clearly enough for new employees to understand the parking policy without asking for further ____.', NULL, NULL, 22, 'explaining', 'clarification', 'clarify', 'clarified', 'B', 'The noun clarification fits after further.'),
(543, 9, 'mcq', 'Question 23: If the printer lease is approved today, the accounting office ____ the replacement order before noon tomorrow.', NULL, NULL, 23, 'will place', 'placed', 'places', 'has placed', 'A', 'The future action will place matches the time expression tomorrow.'),
(544, 9, 'mcq', 'Question 24: Customer complaints decreased after the support team began responding more ____ to technical questions.', NULL, NULL, 24, 'promptly', 'prompts', 'prompt', 'promptness', 'A', 'An adverb is needed to modify responding.'),
(545, 9, 'mcq', 'Question 25: The finance team requested that all expense forms be submitted by Friday so that reimbursements could be processed ____ the monthly review meeting.', NULL, NULL, 25, 'before', 'during', 'among', 'since', 'A', 'The sentence needs a preposition showing time before an event.'),
(546, 9, 'mcq', 'Question 26: Ms. Lee will present the updated sales forecast at the meeting, and the branch managers are expected to review it ____ advance.', NULL, NULL, 26, 'in', 'on', 'for', 'at', 'A', 'The fixed phrase is review something in advance.'),
(547, 9, 'mcq', 'Question 27: Because the shipment was delayed at customs, the purchasing department had to ____ the delivery schedule for several clients.', NULL, NULL, 27, 'revise', 'revision', 'revised', 'revising', 'A', 'After had to, the base verb revise is required.'),
(548, 9, 'mcq', 'Question 28: The HR memo was written clearly enough for new employees to understand the parking policy without asking for further ____.', NULL, NULL, 28, 'explaining', 'clarification', 'clarify', 'clarified', 'B', 'The noun clarification fits after further.'),
(549, 9, 'mcq', 'Question 29: If the printer lease is approved today, the accounting office ____ the replacement order before noon tomorrow.', NULL, NULL, 29, 'will place', 'placed', 'places', 'has placed', 'A', 'The future action will place matches the time expression tomorrow.'),
(550, 9, 'mcq', 'Question 30: Customer complaints decreased after the support team began responding more ____ to technical questions.', NULL, NULL, 30, 'promptly', 'prompts', 'prompt', 'promptness', 'A', 'An adverb is needed to modify responding.'),
(551, 35, 'mcq', 'Question 1: The finance team requested that all expense forms be submitted by Friday so that reimbursements could be processed ____ the monthly review meeting.', NULL, NULL, 1, 'before', 'during', 'among', 'since', 'A', 'The sentence needs a preposition showing time before an event.'),
(552, 35, 'mcq', 'Question 2: Ms. Lee will present the updated sales forecast at the meeting, and the branch managers are expected to review it ____ advance.', NULL, NULL, 2, 'in', 'on', 'for', 'at', 'A', 'The fixed phrase is review something in advance.'),
(553, 35, 'mcq', 'Question 3: Because the shipment was delayed at customs, the purchasing department had to ____ the delivery schedule for several clients.', NULL, NULL, 3, 'revise', 'revision', 'revised', 'revising', 'A', 'After had to, the base verb revise is required.'),
(554, 35, 'mcq', 'Question 4: The HR memo was written clearly enough for new employees to understand the parking policy without asking for further ____.', NULL, NULL, 4, 'explaining', 'clarification', 'clarify', 'clarified', 'B', 'The noun clarification fits after further.'),
(555, 35, 'mcq', 'Question 5: If the printer lease is approved today, the accounting office ____ the replacement order before noon tomorrow.', NULL, NULL, 5, 'will place', 'placed', 'places', 'has placed', 'A', 'The future action will place matches the time expression tomorrow.'),
(556, 35, 'mcq', 'Question 6: Customer complaints decreased after the support team began responding more ____ to technical questions.', NULL, NULL, 6, 'promptly', 'prompts', 'prompt', 'promptness', 'A', 'An adverb is needed to modify responding.'),
(557, 35, 'mcq', 'Question 7: The finance team requested that all expense forms be submitted by Friday so that reimbursements could be processed ____ the monthly review meeting.', NULL, NULL, 7, 'before', 'during', 'among', 'since', 'A', 'The sentence needs a preposition showing time before an event.'),
(558, 35, 'mcq', 'Question 8: Ms. Lee will present the updated sales forecast at the meeting, and the branch managers are expected to review it ____ advance.', NULL, NULL, 8, 'in', 'on', 'for', 'at', 'A', 'The fixed phrase is review something in advance.'),
(559, 35, 'mcq', 'Question 9: Because the shipment was delayed at customs, the purchasing department had to ____ the delivery schedule for several clients.', NULL, NULL, 9, 'revise', 'revision', 'revised', 'revising', 'A', 'After had to, the base verb revise is required.'),
(560, 35, 'mcq', 'Question 10: The HR memo was written clearly enough for new employees to understand the parking policy without asking for further ____.', NULL, NULL, 10, 'explaining', 'clarification', 'clarify', 'clarified', 'B', 'The noun clarification fits after further.'),
(561, 35, 'mcq', 'Question 11: If the printer lease is approved today, the accounting office ____ the replacement order before noon tomorrow.', NULL, NULL, 11, 'will place', 'placed', 'places', 'has placed', 'A', 'The future action will place matches the time expression tomorrow.'),
(562, 35, 'mcq', 'Question 12: Customer complaints decreased after the support team began responding more ____ to technical questions.', NULL, NULL, 12, 'promptly', 'prompts', 'prompt', 'promptness', 'A', 'An adverb is needed to modify responding.'),
(563, 35, 'mcq', 'Question 13: The finance team requested that all expense forms be submitted by Friday so that reimbursements could be processed ____ the monthly review meeting.', NULL, NULL, 13, 'before', 'during', 'among', 'since', 'A', 'The sentence needs a preposition showing time before an event.'),
(564, 35, 'mcq', 'Question 14: Ms. Lee will present the updated sales forecast at the meeting, and the branch managers are expected to review it ____ advance.', NULL, NULL, 14, 'in', 'on', 'for', 'at', 'A', 'The fixed phrase is review something in advance.'),
(565, 35, 'mcq', 'Question 15: Because the shipment was delayed at customs, the purchasing department had to ____ the delivery schedule for several clients.', NULL, NULL, 15, 'revise', 'revision', 'revised', 'revising', 'A', 'After had to, the base verb revise is required.'),
(566, 35, 'mcq', 'Question 16: The HR memo was written clearly enough for new employees to understand the parking policy without asking for further ____.', NULL, NULL, 16, 'explaining', 'clarification', 'clarify', 'clarified', 'B', 'The noun clarification fits after further.'),
(567, 35, 'mcq', 'Question 17: If the printer lease is approved today, the accounting office ____ the replacement order before noon tomorrow.', NULL, NULL, 17, 'will place', 'placed', 'places', 'has placed', 'A', 'The future action will place matches the time expression tomorrow.'),
(568, 35, 'mcq', 'Question 18: Customer complaints decreased after the support team began responding more ____ to technical questions.', NULL, NULL, 18, 'promptly', 'prompts', 'prompt', 'promptness', 'A', 'An adverb is needed to modify responding.'),
(569, 35, 'mcq', 'Question 19: The finance team requested that all expense forms be submitted by Friday so that reimbursements could be processed ____ the monthly review meeting.', NULL, NULL, 19, 'before', 'during', 'among', 'since', 'A', 'The sentence needs a preposition showing time before an event.'),
(570, 35, 'mcq', 'Question 20: Ms. Lee will present the updated sales forecast at the meeting, and the branch managers are expected to review it ____ advance.', NULL, NULL, 20, 'in', 'on', 'for', 'at', 'A', 'The fixed phrase is review something in advance.'),
(571, 35, 'mcq', 'Question 21: Because the shipment was delayed at customs, the purchasing department had to ____ the delivery schedule for several clients.', NULL, NULL, 21, 'revise', 'revision', 'revised', 'revising', 'A', 'After had to, the base verb revise is required.'),
(572, 35, 'mcq', 'Question 22: The HR memo was written clearly enough for new employees to understand the parking policy without asking for further ____.', NULL, NULL, 22, 'explaining', 'clarification', 'clarify', 'clarified', 'B', 'The noun clarification fits after further.'),
(573, 35, 'mcq', 'Question 23: If the printer lease is approved today, the accounting office ____ the replacement order before noon tomorrow.', NULL, NULL, 23, 'will place', 'placed', 'places', 'has placed', 'A', 'The future action will place matches the time expression tomorrow.'),
(574, 35, 'mcq', 'Question 24: Customer complaints decreased after the support team began responding more ____ to technical questions.', NULL, NULL, 24, 'promptly', 'prompts', 'prompt', 'promptness', 'A', 'An adverb is needed to modify responding.'),
(575, 35, 'mcq', 'Question 25: The finance team requested that all expense forms be submitted by Friday so that reimbursements could be processed ____ the monthly review meeting.', NULL, NULL, 25, 'before', 'during', 'among', 'since', 'A', 'The sentence needs a preposition showing time before an event.'),
(576, 35, 'mcq', 'Question 26: Ms. Lee will present the updated sales forecast at the meeting, and the branch managers are expected to review it ____ advance.', NULL, NULL, 26, 'in', 'on', 'for', 'at', 'A', 'The fixed phrase is review something in advance.'),
(577, 35, 'mcq', 'Question 27: Because the shipment was delayed at customs, the purchasing department had to ____ the delivery schedule for several clients.', NULL, NULL, 27, 'revise', 'revision', 'revised', 'revising', 'A', 'After had to, the base verb revise is required.'),
(578, 35, 'mcq', 'Question 28: The HR memo was written clearly enough for new employees to understand the parking policy without asking for further ____.', NULL, NULL, 28, 'explaining', 'clarification', 'clarify', 'clarified', 'B', 'The noun clarification fits after further.'),
(579, 35, 'mcq', 'Question 29: If the printer lease is approved today, the accounting office ____ the replacement order before noon tomorrow.', NULL, NULL, 29, 'will place', 'placed', 'places', 'has placed', 'A', 'The future action will place matches the time expression tomorrow.'),
(580, 35, 'mcq', 'Question 30: Customer complaints decreased after the support team began responding more ____ to technical questions.', NULL, NULL, 30, 'promptly', 'prompts', 'prompt', 'promptness', 'A', 'An adverb is needed to modify responding.'),
(581, 42, 'mcq', 'Question 1: The finance team requested that all expense forms be submitted by Friday so that reimbursements could be processed ____ the monthly review meeting.', NULL, NULL, 1, 'before', 'during', 'among', 'since', 'A', 'The sentence needs a preposition showing time before an event.'),
(582, 42, 'mcq', 'Question 2: Ms. Lee will present the updated sales forecast at the meeting, and the branch managers are expected to review it ____ advance.', NULL, NULL, 2, 'in', 'on', 'for', 'at', 'A', 'The fixed phrase is review something in advance.'),
(583, 42, 'mcq', 'Question 3: Because the shipment was delayed at customs, the purchasing department had to ____ the delivery schedule for several clients.', NULL, NULL, 3, 'revise', 'revision', 'revised', 'revising', 'A', 'After had to, the base verb revise is required.'),
(584, 42, 'mcq', 'Question 4: The HR memo was written clearly enough for new employees to understand the parking policy without asking for further ____.', NULL, NULL, 4, 'explaining', 'clarification', 'clarify', 'clarified', 'B', 'The noun clarification fits after further.'),
(585, 42, 'mcq', 'Question 5: If the printer lease is approved today, the accounting office ____ the replacement order before noon tomorrow.', NULL, NULL, 5, 'will place', 'placed', 'places', 'has placed', 'A', 'The future action will place matches the time expression tomorrow.'),
(586, 42, 'mcq', 'Question 6: Customer complaints decreased after the support team began responding more ____ to technical questions.', NULL, NULL, 6, 'promptly', 'prompts', 'prompt', 'promptness', 'A', 'An adverb is needed to modify responding.'),
(587, 42, 'mcq', 'Question 7: The finance team requested that all expense forms be submitted by Friday so that reimbursements could be processed ____ the monthly review meeting.', NULL, NULL, 7, 'before', 'during', 'among', 'since', 'A', 'The sentence needs a preposition showing time before an event.'),
(588, 42, 'mcq', 'Question 8: Ms. Lee will present the updated sales forecast at the meeting, and the branch managers are expected to review it ____ advance.', NULL, NULL, 8, 'in', 'on', 'for', 'at', 'A', 'The fixed phrase is review something in advance.'),
(589, 42, 'mcq', 'Question 9: Because the shipment was delayed at customs, the purchasing department had to ____ the delivery schedule for several clients.', NULL, NULL, 9, 'revise', 'revision', 'revised', 'revising', 'A', 'After had to, the base verb revise is required.'),
(590, 42, 'mcq', 'Question 10: The HR memo was written clearly enough for new employees to understand the parking policy without asking for further ____.', NULL, NULL, 10, 'explaining', 'clarification', 'clarify', 'clarified', 'B', 'The noun clarification fits after further.'),
(591, 42, 'mcq', 'Question 11: If the printer lease is approved today, the accounting office ____ the replacement order before noon tomorrow.', NULL, NULL, 11, 'will place', 'placed', 'places', 'has placed', 'A', 'The future action will place matches the time expression tomorrow.'),
(592, 42, 'mcq', 'Question 12: Customer complaints decreased after the support team began responding more ____ to technical questions.', NULL, NULL, 12, 'promptly', 'prompts', 'prompt', 'promptness', 'A', 'An adverb is needed to modify responding.'),
(593, 42, 'mcq', 'Question 13: The finance team requested that all expense forms be submitted by Friday so that reimbursements could be processed ____ the monthly review meeting.', NULL, NULL, 13, 'before', 'during', 'among', 'since', 'A', 'The sentence needs a preposition showing time before an event.'),
(594, 42, 'mcq', 'Question 14: Ms. Lee will present the updated sales forecast at the meeting, and the branch managers are expected to review it ____ advance.', NULL, NULL, 14, 'in', 'on', 'for', 'at', 'A', 'The fixed phrase is review something in advance.'),
(595, 42, 'mcq', 'Question 15: Because the shipment was delayed at customs, the purchasing department had to ____ the delivery schedule for several clients.', NULL, NULL, 15, 'revise', 'revision', 'revised', 'revising', 'A', 'After had to, the base verb revise is required.'),
(596, 42, 'mcq', 'Question 16: The HR memo was written clearly enough for new employees to understand the parking policy without asking for further ____.', NULL, NULL, 16, 'explaining', 'clarification', 'clarify', 'clarified', 'B', 'The noun clarification fits after further.'),
(597, 42, 'mcq', 'Question 17: If the printer lease is approved today, the accounting office ____ the replacement order before noon tomorrow.', NULL, NULL, 17, 'will place', 'placed', 'places', 'has placed', 'A', 'The future action will place matches the time expression tomorrow.'),
(598, 42, 'mcq', 'Question 18: Customer complaints decreased after the support team began responding more ____ to technical questions.', NULL, NULL, 18, 'promptly', 'prompts', 'prompt', 'promptness', 'A', 'An adverb is needed to modify responding.'),
(599, 42, 'mcq', 'Question 19: The finance team requested that all expense forms be submitted by Friday so that reimbursements could be processed ____ the monthly review meeting.', NULL, NULL, 19, 'before', 'during', 'among', 'since', 'A', 'The sentence needs a preposition showing time before an event.'),
(600, 42, 'mcq', 'Question 20: Ms. Lee will present the updated sales forecast at the meeting, and the branch managers are expected to review it ____ advance.', NULL, NULL, 20, 'in', 'on', 'for', 'at', 'A', 'The fixed phrase is review something in advance.'),
(601, 42, 'mcq', 'Question 21: Because the shipment was delayed at customs, the purchasing department had to ____ the delivery schedule for several clients.', NULL, NULL, 21, 'revise', 'revision', 'revised', 'revising', 'A', 'After had to, the base verb revise is required.'),
(602, 42, 'mcq', 'Question 22: The HR memo was written clearly enough for new employees to understand the parking policy without asking for further ____.', NULL, NULL, 22, 'explaining', 'clarification', 'clarify', 'clarified', 'B', 'The noun clarification fits after further.'),
(603, 42, 'mcq', 'Question 23: If the printer lease is approved today, the accounting office ____ the replacement order before noon tomorrow.', NULL, NULL, 23, 'will place', 'placed', 'places', 'has placed', 'A', 'The future action will place matches the time expression tomorrow.'),
(604, 42, 'mcq', 'Question 24: Customer complaints decreased after the support team began responding more ____ to technical questions.', NULL, NULL, 24, 'promptly', 'prompts', 'prompt', 'promptness', 'A', 'An adverb is needed to modify responding.'),
(605, 42, 'mcq', 'Question 25: The finance team requested that all expense forms be submitted by Friday so that reimbursements could be processed ____ the monthly review meeting.', NULL, NULL, 25, 'before', 'during', 'among', 'since', 'A', 'The sentence needs a preposition showing time before an event.'),
(606, 42, 'mcq', 'Question 26: Ms. Lee will present the updated sales forecast at the meeting, and the branch managers are expected to review it ____ advance.', NULL, NULL, 26, 'in', 'on', 'for', 'at', 'A', 'The fixed phrase is review something in advance.'),
(607, 42, 'mcq', 'Question 27: Because the shipment was delayed at customs, the purchasing department had to ____ the delivery schedule for several clients.', NULL, NULL, 27, 'revise', 'revision', 'revised', 'revising', 'A', 'After had to, the base verb revise is required.'),
(608, 42, 'mcq', 'Question 28: The HR memo was written clearly enough for new employees to understand the parking policy without asking for further ____.', NULL, NULL, 28, 'explaining', 'clarification', 'clarify', 'clarified', 'B', 'The noun clarification fits after further.'),
(609, 42, 'mcq', 'Question 29: If the printer lease is approved today, the accounting office ____ the replacement order before noon tomorrow.', NULL, NULL, 29, 'will place', 'placed', 'places', 'has placed', 'A', 'The future action will place matches the time expression tomorrow.'),
(610, 42, 'mcq', 'Question 30: Customer complaints decreased after the support team began responding more ____ to technical questions.', NULL, NULL, 30, 'promptly', 'prompts', 'prompt', 'promptness', 'A', 'An adverb is needed to modify responding.'),
(648, 10, 'mcq', 'Question 1: What is the main purpose of the document in this reading set?', NULL, NULL, 1, 'To request an immediate refund from all readers.', 'To explain a concrete work-related update or instruction.', 'To introduce a new product that is already unavailable.', 'To cancel every activity mentioned in the text.', 'B', 'The passage always centers on a practical workplace update, instruction, confirmation, or follow-up step.'),
(649, 10, 'mcq', 'Question 2: What detail is specifically mentioned in the document?', NULL, NULL, 2, 'To request an immediate refund from all readers.', 'To explain a concrete work-related update or instruction.', 'To introduce a new product that is already unavailable.', 'To cancel every activity mentioned in the text.', 'B', 'The passage always centers on a practical workplace update, instruction, confirmation, or follow-up step.'),
(650, 10, 'mcq', 'Question 3: Who is most likely expected to take action after reading the text?', NULL, NULL, 3, 'To request an immediate refund from all readers.', 'To explain a concrete work-related update or instruction.', 'To introduce a new product that is already unavailable.', 'To cancel every activity mentioned in the text.', 'B', 'The passage always centers on a practical workplace update, instruction, confirmation, or follow-up step.'),
(651, 10, 'mcq', 'Question 4: What can be inferred about the schedule or timeline in the document?', NULL, NULL, 4, 'To request an immediate refund from all readers.', 'To explain a concrete work-related update or instruction.', 'To introduce a new product that is already unavailable.', 'To cancel every activity mentioned in the text.', 'B', 'The passage always centers on a practical workplace update, instruction, confirmation, or follow-up step.'),
(652, 10, 'mcq', 'Question 5: Why does the writer include the final paragraph or note?', NULL, NULL, 5, 'To request an immediate refund from all readers.', 'To explain a concrete work-related update or instruction.', 'To introduce a new product that is already unavailable.', 'To cancel every activity mentioned in the text.', 'B', 'The passage always centers on a practical workplace update, instruction, confirmation, or follow-up step.'),
(653, 10, 'mcq', 'Question 6: What is most likely true about the situation described in the document?', NULL, NULL, 6, 'To request an immediate refund from all readers.', 'To explain a concrete work-related update or instruction.', 'To introduce a new product that is already unavailable.', 'To cancel every activity mentioned in the text.', 'B', 'The passage always centers on a practical workplace update, instruction, confirmation, or follow-up step.'),
(654, 11, 'mcq', 'Question 1: What is the main purpose of the document in this reading set?', NULL, NULL, 1, 'To request an immediate refund from all readers.', 'To explain a concrete work-related update or instruction.', 'To introduce a new product that is already unavailable.', 'To cancel every activity mentioned in the text.', 'B', 'The passage always centers on a practical workplace update, instruction, confirmation, or follow-up step.'),
(655, 11, 'mcq', 'Question 2: What detail is specifically mentioned in the document?', NULL, NULL, 2, 'To request an immediate refund from all readers.', 'To explain a concrete work-related update or instruction.', 'To introduce a new product that is already unavailable.', 'To cancel every activity mentioned in the text.', 'B', 'The passage always centers on a practical workplace update, instruction, confirmation, or follow-up step.'),
(656, 11, 'mcq', 'Question 3: Who is most likely expected to take action after reading the text?', NULL, NULL, 3, 'To request an immediate refund from all readers.', 'To explain a concrete work-related update or instruction.', 'To introduce a new product that is already unavailable.', 'To cancel every activity mentioned in the text.', 'B', 'The passage always centers on a practical workplace update, instruction, confirmation, or follow-up step.'),
(657, 11, 'mcq', 'Question 4: What can be inferred about the schedule or timeline in the document?', NULL, NULL, 4, 'To request an immediate refund from all readers.', 'To explain a concrete work-related update or instruction.', 'To introduce a new product that is already unavailable.', 'To cancel every activity mentioned in the text.', 'B', 'The passage always centers on a practical workplace update, instruction, confirmation, or follow-up step.'),
(658, 11, 'mcq', 'Question 5: Why does the writer include the final paragraph or note?', NULL, NULL, 5, 'To request an immediate refund from all readers.', 'To explain a concrete work-related update or instruction.', 'To introduce a new product that is already unavailable.', 'To cancel every activity mentioned in the text.', 'B', 'The passage always centers on a practical workplace update, instruction, confirmation, or follow-up step.'),
(659, 11, 'mcq', 'Question 6: What is most likely true about the situation described in the document?', NULL, NULL, 6, 'To request an immediate refund from all readers.', 'To explain a concrete work-related update or instruction.', 'To introduce a new product that is already unavailable.', 'To cancel every activity mentioned in the text.', 'B', 'The passage always centers on a practical workplace update, instruction, confirmation, or follow-up step.'),
(660, 12, 'mcq', 'Question 1: What is the main purpose of the document in this reading set?', NULL, NULL, 1, 'To request an immediate refund from all readers.', 'To explain a concrete work-related update or instruction.', 'To introduce a new product that is already unavailable.', 'To cancel every activity mentioned in the text.', 'B', 'The passage always centers on a practical workplace update, instruction, confirmation, or follow-up step.'),
(661, 12, 'mcq', 'Question 2: What detail is specifically mentioned in the document?', NULL, NULL, 2, 'To request an immediate refund from all readers.', 'To explain a concrete work-related update or instruction.', 'To introduce a new product that is already unavailable.', 'To cancel every activity mentioned in the text.', 'B', 'The passage always centers on a practical workplace update, instruction, confirmation, or follow-up step.'),
(662, 12, 'mcq', 'Question 3: Who is most likely expected to take action after reading the text?', NULL, NULL, 3, 'To request an immediate refund from all readers.', 'To explain a concrete work-related update or instruction.', 'To introduce a new product that is already unavailable.', 'To cancel every activity mentioned in the text.', 'B', 'The passage always centers on a practical workplace update, instruction, confirmation, or follow-up step.'),
(663, 12, 'mcq', 'Question 4: What can be inferred about the schedule or timeline in the document?', NULL, NULL, 4, 'To request an immediate refund from all readers.', 'To explain a concrete work-related update or instruction.', 'To introduce a new product that is already unavailable.', 'To cancel every activity mentioned in the text.', 'B', 'The passage always centers on a practical workplace update, instruction, confirmation, or follow-up step.'),
(664, 12, 'mcq', 'Question 5: Why does the writer include the final paragraph or note?', NULL, NULL, 5, 'To request an immediate refund from all readers.', 'To explain a concrete work-related update or instruction.', 'To introduce a new product that is already unavailable.', 'To cancel every activity mentioned in the text.', 'B', 'The passage always centers on a practical workplace update, instruction, confirmation, or follow-up step.'),
(665, 12, 'mcq', 'Question 6: What is most likely true about the situation described in the document?', NULL, NULL, 6, 'To request an immediate refund from all readers.', 'To explain a concrete work-related update or instruction.', 'To introduce a new product that is already unavailable.', 'To cancel every activity mentioned in the text.', 'B', 'The passage always centers on a practical workplace update, instruction, confirmation, or follow-up step.'),
(666, 13, 'mcq', 'Question 1: What is the main purpose of the document in this reading set?', NULL, NULL, 1, 'To request an immediate refund from all readers.', 'To explain a concrete work-related update or instruction.', 'To introduce a new product that is already unavailable.', 'To cancel every activity mentioned in the text.', 'B', 'The passage always centers on a practical workplace update, instruction, confirmation, or follow-up step.'),
(667, 13, 'mcq', 'Question 2: What detail is specifically mentioned in the document?', NULL, NULL, 2, 'To request an immediate refund from all readers.', 'To explain a concrete work-related update or instruction.', 'To introduce a new product that is already unavailable.', 'To cancel every activity mentioned in the text.', 'B', 'The passage always centers on a practical workplace update, instruction, confirmation, or follow-up step.'),
(668, 13, 'mcq', 'Question 3: Who is most likely expected to take action after reading the text?', NULL, NULL, 3, 'To request an immediate refund from all readers.', 'To explain a concrete work-related update or instruction.', 'To introduce a new product that is already unavailable.', 'To cancel every activity mentioned in the text.', 'B', 'The passage always centers on a practical workplace update, instruction, confirmation, or follow-up step.'),
(669, 13, 'mcq', 'Question 4: What can be inferred about the schedule or timeline in the document?', NULL, NULL, 4, 'To request an immediate refund from all readers.', 'To explain a concrete work-related update or instruction.', 'To introduce a new product that is already unavailable.', 'To cancel every activity mentioned in the text.', 'B', 'The passage always centers on a practical workplace update, instruction, confirmation, or follow-up step.'),
(670, 13, 'mcq', 'Question 5: Why does the writer include the final paragraph or note?', NULL, NULL, 5, 'To request an immediate refund from all readers.', 'To explain a concrete work-related update or instruction.', 'To introduce a new product that is already unavailable.', 'To cancel every activity mentioned in the text.', 'B', 'The passage always centers on a practical workplace update, instruction, confirmation, or follow-up step.'),
(671, 13, 'mcq', 'Question 6: What is most likely true about the situation described in the document?', NULL, NULL, 6, 'To request an immediate refund from all readers.', 'To explain a concrete work-related update or instruction.', 'To introduce a new product that is already unavailable.', 'To cancel every activity mentioned in the text.', 'B', 'The passage always centers on a practical workplace update, instruction, confirmation, or follow-up step.'),
(672, 14, 'mcq', 'Question 1: What is the main purpose of the document in this reading set?', NULL, NULL, 1, 'To request an immediate refund from all readers.', 'To explain a concrete work-related update or instruction.', 'To introduce a new product that is already unavailable.', 'To cancel every activity mentioned in the text.', 'B', 'The passage always centers on a practical workplace update, instruction, confirmation, or follow-up step.'),
(673, 14, 'mcq', 'Question 2: What detail is specifically mentioned in the document?', NULL, NULL, 2, 'To request an immediate refund from all readers.', 'To explain a concrete work-related update or instruction.', 'To introduce a new product that is already unavailable.', 'To cancel every activity mentioned in the text.', 'B', 'The passage always centers on a practical workplace update, instruction, confirmation, or follow-up step.'),
(674, 14, 'mcq', 'Question 3: Who is most likely expected to take action after reading the text?', NULL, NULL, 3, 'To request an immediate refund from all readers.', 'To explain a concrete work-related update or instruction.', 'To introduce a new product that is already unavailable.', 'To cancel every activity mentioned in the text.', 'B', 'The passage always centers on a practical workplace update, instruction, confirmation, or follow-up step.'),
(675, 14, 'mcq', 'Question 4: What can be inferred about the schedule or timeline in the document?', NULL, NULL, 4, 'To request an immediate refund from all readers.', 'To explain a concrete work-related update or instruction.', 'To introduce a new product that is already unavailable.', 'To cancel every activity mentioned in the text.', 'B', 'The passage always centers on a practical workplace update, instruction, confirmation, or follow-up step.'),
(676, 14, 'mcq', 'Question 5: Why does the writer include the final paragraph or note?', NULL, NULL, 5, 'To request an immediate refund from all readers.', 'To explain a concrete work-related update or instruction.', 'To introduce a new product that is already unavailable.', 'To cancel every activity mentioned in the text.', 'B', 'The passage always centers on a practical workplace update, instruction, confirmation, or follow-up step.'),
(677, 14, 'mcq', 'Question 6: What is most likely true about the situation described in the document?', NULL, NULL, 6, 'To request an immediate refund from all readers.', 'To explain a concrete work-related update or instruction.', 'To introduce a new product that is already unavailable.', 'To cancel every activity mentioned in the text.', 'B', 'The passage always centers on a practical workplace update, instruction, confirmation, or follow-up step.'),
(678, 15, 'mcq', 'Question 1: What is the main purpose of the document in this reading set?', NULL, NULL, 1, 'To request an immediate refund from all readers.', 'To explain a concrete work-related update or instruction.', 'To introduce a new product that is already unavailable.', 'To cancel every activity mentioned in the text.', 'B', 'The passage always centers on a practical workplace update, instruction, confirmation, or follow-up step.'),
(679, 15, 'mcq', 'Question 2: What detail is specifically mentioned in the document?', NULL, NULL, 2, 'To request an immediate refund from all readers.', 'To explain a concrete work-related update or instruction.', 'To introduce a new product that is already unavailable.', 'To cancel every activity mentioned in the text.', 'B', 'The passage always centers on a practical workplace update, instruction, confirmation, or follow-up step.'),
(680, 15, 'mcq', 'Question 3: Who is most likely expected to take action after reading the text?', NULL, NULL, 3, 'To request an immediate refund from all readers.', 'To explain a concrete work-related update or instruction.', 'To introduce a new product that is already unavailable.', 'To cancel every activity mentioned in the text.', 'B', 'The passage always centers on a practical workplace update, instruction, confirmation, or follow-up step.'),
(681, 15, 'mcq', 'Question 4: What can be inferred about the schedule or timeline in the document?', NULL, NULL, 4, 'To request an immediate refund from all readers.', 'To explain a concrete work-related update or instruction.', 'To introduce a new product that is already unavailable.', 'To cancel every activity mentioned in the text.', 'B', 'The passage always centers on a practical workplace update, instruction, confirmation, or follow-up step.'),
(682, 15, 'mcq', 'Question 5: Why does the writer include the final paragraph or note?', NULL, NULL, 5, 'To request an immediate refund from all readers.', 'To explain a concrete work-related update or instruction.', 'To introduce a new product that is already unavailable.', 'To cancel every activity mentioned in the text.', 'B', 'The passage always centers on a practical workplace update, instruction, confirmation, or follow-up step.'),
(683, 15, 'mcq', 'Question 6: What is most likely true about the situation described in the document?', NULL, NULL, 6, 'To request an immediate refund from all readers.', 'To explain a concrete work-related update or instruction.', 'To introduce a new product that is already unavailable.', 'To cancel every activity mentioned in the text.', 'B', 'The passage always centers on a practical workplace update, instruction, confirmation, or follow-up step.'),
(684, 16, 'mcq', 'Question 1: What is the main purpose of the document in this reading set?', NULL, NULL, 1, 'To request an immediate refund from all readers.', 'To explain a concrete work-related update or instruction.', 'To introduce a new product that is already unavailable.', 'To cancel every activity mentioned in the text.', 'B', 'The passage always centers on a practical workplace update, instruction, confirmation, or follow-up step.'),
(685, 16, 'mcq', 'Question 2: What detail is specifically mentioned in the document?', NULL, NULL, 2, 'To request an immediate refund from all readers.', 'To explain a concrete work-related update or instruction.', 'To introduce a new product that is already unavailable.', 'To cancel every activity mentioned in the text.', 'B', 'The passage always centers on a practical workplace update, instruction, confirmation, or follow-up step.'),
(686, 16, 'mcq', 'Question 3: Who is most likely expected to take action after reading the text?', NULL, NULL, 3, 'To request an immediate refund from all readers.', 'To explain a concrete work-related update or instruction.', 'To introduce a new product that is already unavailable.', 'To cancel every activity mentioned in the text.', 'B', 'The passage always centers on a practical workplace update, instruction, confirmation, or follow-up step.'),
(687, 16, 'mcq', 'Question 4: What can be inferred about the schedule or timeline in the document?', NULL, NULL, 4, 'To request an immediate refund from all readers.', 'To explain a concrete work-related update or instruction.', 'To introduce a new product that is already unavailable.', 'To cancel every activity mentioned in the text.', 'B', 'The passage always centers on a practical workplace update, instruction, confirmation, or follow-up step.'),
(688, 16, 'mcq', 'Question 5: Why does the writer include the final paragraph or note?', NULL, NULL, 5, 'To request an immediate refund from all readers.', 'To explain a concrete work-related update or instruction.', 'To introduce a new product that is already unavailable.', 'To cancel every activity mentioned in the text.', 'B', 'The passage always centers on a practical workplace update, instruction, confirmation, or follow-up step.'),
(689, 16, 'mcq', 'Question 6: What is most likely true about the situation described in the document?', NULL, NULL, 6, 'To request an immediate refund from all readers.', 'To explain a concrete work-related update or instruction.', 'To introduce a new product that is already unavailable.', 'To cancel every activity mentioned in the text.', 'B', 'The passage always centers on a practical workplace update, instruction, confirmation, or follow-up step.'),
(690, 17, 'mcq', 'Question 1: What is the main purpose of the document in this reading set?', NULL, NULL, 1, 'To request an immediate refund from all readers.', 'To explain a concrete work-related update or instruction.', 'To introduce a new product that is already unavailable.', 'To cancel every activity mentioned in the text.', 'B', 'The passage always centers on a practical workplace update, instruction, confirmation, or follow-up step.'),
(691, 17, 'mcq', 'Question 2: What detail is specifically mentioned in the document?', NULL, NULL, 2, 'To request an immediate refund from all readers.', 'To explain a concrete work-related update or instruction.', 'To introduce a new product that is already unavailable.', 'To cancel every activity mentioned in the text.', 'B', 'The passage always centers on a practical workplace update, instruction, confirmation, or follow-up step.'),
(692, 17, 'mcq', 'Question 3: Who is most likely expected to take action after reading the text?', NULL, NULL, 3, 'To request an immediate refund from all readers.', 'To explain a concrete work-related update or instruction.', 'To introduce a new product that is already unavailable.', 'To cancel every activity mentioned in the text.', 'B', 'The passage always centers on a practical workplace update, instruction, confirmation, or follow-up step.'),
(693, 17, 'mcq', 'Question 4: What can be inferred about the schedule or timeline in the document?', NULL, NULL, 4, 'To request an immediate refund from all readers.', 'To explain a concrete work-related update or instruction.', 'To introduce a new product that is already unavailable.', 'To cancel every activity mentioned in the text.', 'B', 'The passage always centers on a practical workplace update, instruction, confirmation, or follow-up step.'),
(694, 17, 'mcq', 'Question 5: Why does the writer include the final paragraph or note?', NULL, NULL, 5, 'To request an immediate refund from all readers.', 'To explain a concrete work-related update or instruction.', 'To introduce a new product that is already unavailable.', 'To cancel every activity mentioned in the text.', 'B', 'The passage always centers on a practical workplace update, instruction, confirmation, or follow-up step.'),
(695, 17, 'mcq', 'Question 6: What is most likely true about the situation described in the document?', NULL, NULL, 6, 'To request an immediate refund from all readers.', 'To explain a concrete work-related update or instruction.', 'To introduce a new product that is already unavailable.', 'To cancel every activity mentioned in the text.', 'B', 'The passage always centers on a practical workplace update, instruction, confirmation, or follow-up step.'),
(696, 18, 'mcq', 'Question 1: What is the main purpose of the document in this reading set?', NULL, NULL, 1, 'To request an immediate refund from all readers.', 'To explain a concrete work-related update or instruction.', 'To introduce a new product that is already unavailable.', 'To cancel every activity mentioned in the text.', 'B', 'The passage always centers on a practical workplace update, instruction, confirmation, or follow-up step.'),
(697, 18, 'mcq', 'Question 2: What detail is specifically mentioned in the document?', NULL, NULL, 2, 'To request an immediate refund from all readers.', 'To explain a concrete work-related update or instruction.', 'To introduce a new product that is already unavailable.', 'To cancel every activity mentioned in the text.', 'B', 'The passage always centers on a practical workplace update, instruction, confirmation, or follow-up step.'),
(698, 18, 'mcq', 'Question 3: Who is most likely expected to take action after reading the text?', NULL, NULL, 3, 'To request an immediate refund from all readers.', 'To explain a concrete work-related update or instruction.', 'To introduce a new product that is already unavailable.', 'To cancel every activity mentioned in the text.', 'B', 'The passage always centers on a practical workplace update, instruction, confirmation, or follow-up step.'),
(699, 18, 'mcq', 'Question 4: What can be inferred about the schedule or timeline in the document?', NULL, NULL, 4, 'To request an immediate refund from all readers.', 'To explain a concrete work-related update or instruction.', 'To introduce a new product that is already unavailable.', 'To cancel every activity mentioned in the text.', 'B', 'The passage always centers on a practical workplace update, instruction, confirmation, or follow-up step.'),
(700, 18, 'mcq', 'Question 5: Why does the writer include the final paragraph or note?', NULL, NULL, 5, 'To request an immediate refund from all readers.', 'To explain a concrete work-related update or instruction.', 'To introduce a new product that is already unavailable.', 'To cancel every activity mentioned in the text.', 'B', 'The passage always centers on a practical workplace update, instruction, confirmation, or follow-up step.'),
(701, 18, 'mcq', 'Question 6: What is most likely true about the situation described in the document?', NULL, NULL, 6, 'To request an immediate refund from all readers.', 'To explain a concrete work-related update or instruction.', 'To introduce a new product that is already unavailable.', 'To cancel every activity mentioned in the text.', 'B', 'The passage always centers on a practical workplace update, instruction, confirmation, or follow-up step.'),
(711, 31, 'mcq', 'Question 1: Which sentence best describes the photograph?', 'sample-media/office_photo/photo-01.jpg', NULL, 1, 'A worker is reviewing documents beside a meeting table.', 'Several people are moving boxes into a storage area.', 'An employee is checking equipment before a presentation.', 'Two visitors are waiting near a reception counter.', 'A', 'Part 1 asks for the sentence that most accurately matches the main action in the picture.'),
(712, 31, 'mcq', 'Question 2: Which sentence best describes the photograph?', 'sample-media/office_photo/photo-02.jpg', NULL, 2, 'A worker is reviewing documents beside a meeting table.', 'Several people are moving boxes into a storage area.', 'An employee is checking equipment before a presentation.', 'Two visitors are waiting near a reception counter.', 'B', 'Part 1 asks for the sentence that most accurately matches the main action in the picture.');
INSERT INTO `questions` (`question_id`, `group_id`, `question_type`, `question_text`, `image_url`, `audio_url`, `order_num`, `option_a`, `option_b`, `option_c`, `option_d`, `correct_answer`, `explanation`) VALUES
(713, 31, 'mcq', 'Question 3: Which sentence best describes the photograph?', 'sample-media/office_photo/photo-03.jpg', NULL, 3, 'A worker is reviewing documents beside a meeting table.', 'Several people are moving boxes into a storage area.', 'An employee is checking equipment before a presentation.', 'Two visitors are waiting near a reception counter.', 'C', 'Part 1 asks for the sentence that most accurately matches the main action in the picture.'),
(714, 31, 'mcq', 'Question 4: Which sentence best describes the photograph?', 'sample-media/office_photo/photo-04.jpg', NULL, 4, 'A worker is reviewing documents beside a meeting table.', 'Several people are moving boxes into a storage area.', 'An employee is checking equipment before a presentation.', 'Two visitors are waiting near a reception counter.', 'D', 'Part 1 asks for the sentence that most accurately matches the main action in the picture.'),
(715, 31, 'mcq', 'Question 5: Which sentence best describes the photograph?', 'sample-media/office_photo/photo-05.jpg', NULL, 5, 'A worker is reviewing documents beside a meeting table.', 'Several people are moving boxes into a storage area.', 'An employee is checking equipment before a presentation.', 'Two visitors are waiting near a reception counter.', 'A', 'Part 1 asks for the sentence that most accurately matches the main action in the picture.'),
(716, 31, 'mcq', 'Question 6: Which sentence best describes the photograph?', 'sample-media/office_photo/photo-06.jpg', NULL, 6, 'A worker is reviewing documents beside a meeting table.', 'Several people are moving boxes into a storage area.', 'An employee is checking equipment before a presentation.', 'Two visitors are waiting near a reception counter.', 'B', 'Part 1 asks for the sentence that most accurately matches the main action in the picture.'),
(717, 38, 'mcq', 'Question 1: Which sentence best describes the photograph?', 'sample-media/warehouse_photo/photo-01.jpg', NULL, 1, 'A worker is reviewing documents beside a meeting table.', 'Several people are moving boxes into a storage area.', 'An employee is checking equipment before a presentation.', 'Two visitors are waiting near a reception counter.', 'A', 'Part 1 asks for the sentence that most accurately matches the main action in the picture.'),
(718, 38, 'mcq', 'Question 2: Which sentence best describes the photograph?', 'sample-media/warehouse_photo/photo-02.jpg', NULL, 2, 'A worker is reviewing documents beside a meeting table.', 'Several people are moving boxes into a storage area.', 'An employee is checking equipment before a presentation.', 'Two visitors are waiting near a reception counter.', 'B', 'Part 1 asks for the sentence that most accurately matches the main action in the picture.'),
(719, 38, 'mcq', 'Question 3: Which sentence best describes the photograph?', 'sample-media/warehouse_photo/photo-03.jpg', NULL, 3, 'A worker is reviewing documents beside a meeting table.', 'Several people are moving boxes into a storage area.', 'An employee is checking equipment before a presentation.', 'Two visitors are waiting near a reception counter.', 'C', 'Part 1 asks for the sentence that most accurately matches the main action in the picture.'),
(720, 38, 'mcq', 'Question 4: Which sentence best describes the photograph?', 'sample-media/warehouse_photo/photo-04.jpg', NULL, 4, 'A worker is reviewing documents beside a meeting table.', 'Several people are moving boxes into a storage area.', 'An employee is checking equipment before a presentation.', 'Two visitors are waiting near a reception counter.', 'D', 'Part 1 asks for the sentence that most accurately matches the main action in the picture.'),
(721, 38, 'mcq', 'Question 5: Which sentence best describes the photograph?', 'sample-media/warehouse_photo/photo-05.jpg', NULL, 5, 'A worker is reviewing documents beside a meeting table.', 'Several people are moving boxes into a storage area.', 'An employee is checking equipment before a presentation.', 'Two visitors are waiting near a reception counter.', 'A', 'Part 1 asks for the sentence that most accurately matches the main action in the picture.'),
(722, 38, 'mcq', 'Question 6: Which sentence best describes the photograph?', 'sample-media/warehouse_photo/photo-06.jpg', NULL, 6, 'A worker is reviewing documents beside a meeting table.', 'Several people are moving boxes into a storage area.', 'An employee is checking equipment before a presentation.', 'Two visitors are waiting near a reception counter.', 'B', 'Part 1 asks for the sentence that most accurately matches the main action in the picture.'),
(726, 32, 'mcq', 'Question 1: Choose the best response to the short workplace question.', NULL, NULL, 1, 'Yes, I sent the updated file this morning.', 'No, the conference room was cleaned yesterday.', 'Because the printer is near the front desk.', 'She usually travels there in November.', 'A', 'The correct response must match the meaning and function of the spoken question.'),
(727, 32, 'mcq', 'Question 2: Choose the best response to the short workplace question.', NULL, NULL, 2, 'Yes, I sent the updated file this morning.', 'No, the conference room was cleaned yesterday.', 'Because the printer is near the front desk.', 'She usually travels there in November.', 'B', 'The correct response must match the meaning and function of the spoken question.'),
(728, 32, 'mcq', 'Question 3: Choose the best response to the short workplace question.', NULL, NULL, 3, 'Yes, I sent the updated file this morning.', 'No, the conference room was cleaned yesterday.', 'Because the printer is near the front desk.', 'She usually travels there in November.', 'C', 'The correct response must match the meaning and function of the spoken question.'),
(729, 32, 'mcq', 'Question 4: Choose the best response to the short workplace question.', NULL, NULL, 4, 'Yes, I sent the updated file this morning.', 'No, the conference room was cleaned yesterday.', 'Because the printer is near the front desk.', 'She usually travels there in November.', 'D', 'The correct response must match the meaning and function of the spoken question.'),
(730, 32, 'mcq', 'Question 5: Choose the best response to the short workplace question.', NULL, NULL, 5, 'Yes, I sent the updated file this morning.', 'No, the conference room was cleaned yesterday.', 'Because the printer is near the front desk.', 'She usually travels there in November.', 'A', 'The correct response must match the meaning and function of the spoken question.'),
(731, 32, 'mcq', 'Question 6: Choose the best response to the short workplace question.', NULL, NULL, 6, 'Yes, I sent the updated file this morning.', 'No, the conference room was cleaned yesterday.', 'Because the printer is near the front desk.', 'She usually travels there in November.', 'B', 'The correct response must match the meaning and function of the spoken question.'),
(732, 32, 'mcq', 'Question 7: Choose the best response to the short workplace question.', NULL, NULL, 7, 'Yes, I sent the updated file this morning.', 'No, the conference room was cleaned yesterday.', 'Because the printer is near the front desk.', 'She usually travels there in November.', 'C', 'The correct response must match the meaning and function of the spoken question.'),
(733, 32, 'mcq', 'Question 8: Choose the best response to the short workplace question.', NULL, NULL, 8, 'Yes, I sent the updated file this morning.', 'No, the conference room was cleaned yesterday.', 'Because the printer is near the front desk.', 'She usually travels there in November.', 'D', 'The correct response must match the meaning and function of the spoken question.'),
(734, 32, 'mcq', 'Question 9: Choose the best response to the short workplace question.', NULL, NULL, 9, 'Yes, I sent the updated file this morning.', 'No, the conference room was cleaned yesterday.', 'Because the printer is near the front desk.', 'She usually travels there in November.', 'A', 'The correct response must match the meaning and function of the spoken question.'),
(735, 32, 'mcq', 'Question 10: Choose the best response to the short workplace question.', NULL, NULL, 10, 'Yes, I sent the updated file this morning.', 'No, the conference room was cleaned yesterday.', 'Because the printer is near the front desk.', 'She usually travels there in November.', 'B', 'The correct response must match the meaning and function of the spoken question.'),
(736, 32, 'mcq', 'Question 11: Choose the best response to the short workplace question.', NULL, NULL, 11, 'Yes, I sent the updated file this morning.', 'No, the conference room was cleaned yesterday.', 'Because the printer is near the front desk.', 'She usually travels there in November.', 'C', 'The correct response must match the meaning and function of the spoken question.'),
(737, 32, 'mcq', 'Question 12: Choose the best response to the short workplace question.', NULL, NULL, 12, 'Yes, I sent the updated file this morning.', 'No, the conference room was cleaned yesterday.', 'Because the printer is near the front desk.', 'She usually travels there in November.', 'D', 'The correct response must match the meaning and function of the spoken question.'),
(738, 32, 'mcq', 'Question 13: Choose the best response to the short workplace question.', NULL, NULL, 13, 'Yes, I sent the updated file this morning.', 'No, the conference room was cleaned yesterday.', 'Because the printer is near the front desk.', 'She usually travels there in November.', 'A', 'The correct response must match the meaning and function of the spoken question.'),
(739, 32, 'mcq', 'Question 14: Choose the best response to the short workplace question.', NULL, NULL, 14, 'Yes, I sent the updated file this morning.', 'No, the conference room was cleaned yesterday.', 'Because the printer is near the front desk.', 'She usually travels there in November.', 'B', 'The correct response must match the meaning and function of the spoken question.'),
(740, 32, 'mcq', 'Question 15: Choose the best response to the short workplace question.', NULL, NULL, 15, 'Yes, I sent the updated file this morning.', 'No, the conference room was cleaned yesterday.', 'Because the printer is near the front desk.', 'She usually travels there in November.', 'C', 'The correct response must match the meaning and function of the spoken question.'),
(741, 32, 'mcq', 'Question 16: Choose the best response to the short workplace question.', NULL, NULL, 16, 'Yes, I sent the updated file this morning.', 'No, the conference room was cleaned yesterday.', 'Because the printer is near the front desk.', 'She usually travels there in November.', 'D', 'The correct response must match the meaning and function of the spoken question.'),
(742, 32, 'mcq', 'Question 17: Choose the best response to the short workplace question.', NULL, NULL, 17, 'Yes, I sent the updated file this morning.', 'No, the conference room was cleaned yesterday.', 'Because the printer is near the front desk.', 'She usually travels there in November.', 'A', 'The correct response must match the meaning and function of the spoken question.'),
(743, 32, 'mcq', 'Question 18: Choose the best response to the short workplace question.', NULL, NULL, 18, 'Yes, I sent the updated file this morning.', 'No, the conference room was cleaned yesterday.', 'Because the printer is near the front desk.', 'She usually travels there in November.', 'B', 'The correct response must match the meaning and function of the spoken question.'),
(744, 32, 'mcq', 'Question 19: Choose the best response to the short workplace question.', NULL, NULL, 19, 'Yes, I sent the updated file this morning.', 'No, the conference room was cleaned yesterday.', 'Because the printer is near the front desk.', 'She usually travels there in November.', 'C', 'The correct response must match the meaning and function of the spoken question.'),
(745, 32, 'mcq', 'Question 20: Choose the best response to the short workplace question.', NULL, NULL, 20, 'Yes, I sent the updated file this morning.', 'No, the conference room was cleaned yesterday.', 'Because the printer is near the front desk.', 'She usually travels there in November.', 'D', 'The correct response must match the meaning and function of the spoken question.'),
(746, 32, 'mcq', 'Question 21: Choose the best response to the short workplace question.', NULL, NULL, 21, 'Yes, I sent the updated file this morning.', 'No, the conference room was cleaned yesterday.', 'Because the printer is near the front desk.', 'She usually travels there in November.', 'A', 'The correct response must match the meaning and function of the spoken question.'),
(747, 32, 'mcq', 'Question 22: Choose the best response to the short workplace question.', NULL, NULL, 22, 'Yes, I sent the updated file this morning.', 'No, the conference room was cleaned yesterday.', 'Because the printer is near the front desk.', 'She usually travels there in November.', 'B', 'The correct response must match the meaning and function of the spoken question.'),
(748, 32, 'mcq', 'Question 23: Choose the best response to the short workplace question.', NULL, NULL, 23, 'Yes, I sent the updated file this morning.', 'No, the conference room was cleaned yesterday.', 'Because the printer is near the front desk.', 'She usually travels there in November.', 'C', 'The correct response must match the meaning and function of the spoken question.'),
(749, 32, 'mcq', 'Question 24: Choose the best response to the short workplace question.', NULL, NULL, 24, 'Yes, I sent the updated file this morning.', 'No, the conference room was cleaned yesterday.', 'Because the printer is near the front desk.', 'She usually travels there in November.', 'D', 'The correct response must match the meaning and function of the spoken question.'),
(750, 32, 'mcq', 'Question 25: Choose the best response to the short workplace question.', NULL, NULL, 25, 'Yes, I sent the updated file this morning.', 'No, the conference room was cleaned yesterday.', 'Because the printer is near the front desk.', 'She usually travels there in November.', 'A', 'The correct response must match the meaning and function of the spoken question.'),
(751, 39, 'mcq', 'Question 1: Choose the best response to the short workplace question.', NULL, NULL, 1, 'Yes, I sent the updated file this morning.', 'No, the conference room was cleaned yesterday.', 'Because the printer is near the front desk.', 'She usually travels there in November.', 'A', 'The correct response must match the meaning and function of the spoken question.'),
(752, 39, 'mcq', 'Question 2: Choose the best response to the short workplace question.', NULL, NULL, 2, 'Yes, I sent the updated file this morning.', 'No, the conference room was cleaned yesterday.', 'Because the printer is near the front desk.', 'She usually travels there in November.', 'B', 'The correct response must match the meaning and function of the spoken question.'),
(753, 39, 'mcq', 'Question 3: Choose the best response to the short workplace question.', NULL, NULL, 3, 'Yes, I sent the updated file this morning.', 'No, the conference room was cleaned yesterday.', 'Because the printer is near the front desk.', 'She usually travels there in November.', 'C', 'The correct response must match the meaning and function of the spoken question.'),
(754, 39, 'mcq', 'Question 4: Choose the best response to the short workplace question.', NULL, NULL, 4, 'Yes, I sent the updated file this morning.', 'No, the conference room was cleaned yesterday.', 'Because the printer is near the front desk.', 'She usually travels there in November.', 'D', 'The correct response must match the meaning and function of the spoken question.'),
(755, 39, 'mcq', 'Question 5: Choose the best response to the short workplace question.', NULL, NULL, 5, 'Yes, I sent the updated file this morning.', 'No, the conference room was cleaned yesterday.', 'Because the printer is near the front desk.', 'She usually travels there in November.', 'A', 'The correct response must match the meaning and function of the spoken question.'),
(756, 39, 'mcq', 'Question 6: Choose the best response to the short workplace question.', NULL, NULL, 6, 'Yes, I sent the updated file this morning.', 'No, the conference room was cleaned yesterday.', 'Because the printer is near the front desk.', 'She usually travels there in November.', 'B', 'The correct response must match the meaning and function of the spoken question.'),
(757, 39, 'mcq', 'Question 7: Choose the best response to the short workplace question.', NULL, NULL, 7, 'Yes, I sent the updated file this morning.', 'No, the conference room was cleaned yesterday.', 'Because the printer is near the front desk.', 'She usually travels there in November.', 'C', 'The correct response must match the meaning and function of the spoken question.'),
(758, 39, 'mcq', 'Question 8: Choose the best response to the short workplace question.', NULL, NULL, 8, 'Yes, I sent the updated file this morning.', 'No, the conference room was cleaned yesterday.', 'Because the printer is near the front desk.', 'She usually travels there in November.', 'D', 'The correct response must match the meaning and function of the spoken question.'),
(759, 39, 'mcq', 'Question 9: Choose the best response to the short workplace question.', NULL, NULL, 9, 'Yes, I sent the updated file this morning.', 'No, the conference room was cleaned yesterday.', 'Because the printer is near the front desk.', 'She usually travels there in November.', 'A', 'The correct response must match the meaning and function of the spoken question.'),
(760, 39, 'mcq', 'Question 10: Choose the best response to the short workplace question.', NULL, NULL, 10, 'Yes, I sent the updated file this morning.', 'No, the conference room was cleaned yesterday.', 'Because the printer is near the front desk.', 'She usually travels there in November.', 'B', 'The correct response must match the meaning and function of the spoken question.'),
(761, 39, 'mcq', 'Question 11: Choose the best response to the short workplace question.', NULL, NULL, 11, 'Yes, I sent the updated file this morning.', 'No, the conference room was cleaned yesterday.', 'Because the printer is near the front desk.', 'She usually travels there in November.', 'C', 'The correct response must match the meaning and function of the spoken question.'),
(762, 39, 'mcq', 'Question 12: Choose the best response to the short workplace question.', NULL, NULL, 12, 'Yes, I sent the updated file this morning.', 'No, the conference room was cleaned yesterday.', 'Because the printer is near the front desk.', 'She usually travels there in November.', 'D', 'The correct response must match the meaning and function of the spoken question.'),
(763, 39, 'mcq', 'Question 13: Choose the best response to the short workplace question.', NULL, NULL, 13, 'Yes, I sent the updated file this morning.', 'No, the conference room was cleaned yesterday.', 'Because the printer is near the front desk.', 'She usually travels there in November.', 'A', 'The correct response must match the meaning and function of the spoken question.'),
(764, 39, 'mcq', 'Question 14: Choose the best response to the short workplace question.', NULL, NULL, 14, 'Yes, I sent the updated file this morning.', 'No, the conference room was cleaned yesterday.', 'Because the printer is near the front desk.', 'She usually travels there in November.', 'B', 'The correct response must match the meaning and function of the spoken question.'),
(765, 39, 'mcq', 'Question 15: Choose the best response to the short workplace question.', NULL, NULL, 15, 'Yes, I sent the updated file this morning.', 'No, the conference room was cleaned yesterday.', 'Because the printer is near the front desk.', 'She usually travels there in November.', 'C', 'The correct response must match the meaning and function of the spoken question.'),
(766, 39, 'mcq', 'Question 16: Choose the best response to the short workplace question.', NULL, NULL, 16, 'Yes, I sent the updated file this morning.', 'No, the conference room was cleaned yesterday.', 'Because the printer is near the front desk.', 'She usually travels there in November.', 'D', 'The correct response must match the meaning and function of the spoken question.'),
(767, 39, 'mcq', 'Question 17: Choose the best response to the short workplace question.', NULL, NULL, 17, 'Yes, I sent the updated file this morning.', 'No, the conference room was cleaned yesterday.', 'Because the printer is near the front desk.', 'She usually travels there in November.', 'A', 'The correct response must match the meaning and function of the spoken question.'),
(768, 39, 'mcq', 'Question 18: Choose the best response to the short workplace question.', NULL, NULL, 18, 'Yes, I sent the updated file this morning.', 'No, the conference room was cleaned yesterday.', 'Because the printer is near the front desk.', 'She usually travels there in November.', 'B', 'The correct response must match the meaning and function of the spoken question.'),
(769, 39, 'mcq', 'Question 19: Choose the best response to the short workplace question.', NULL, NULL, 19, 'Yes, I sent the updated file this morning.', 'No, the conference room was cleaned yesterday.', 'Because the printer is near the front desk.', 'She usually travels there in November.', 'C', 'The correct response must match the meaning and function of the spoken question.'),
(770, 39, 'mcq', 'Question 20: Choose the best response to the short workplace question.', NULL, NULL, 20, 'Yes, I sent the updated file this morning.', 'No, the conference room was cleaned yesterday.', 'Because the printer is near the front desk.', 'She usually travels there in November.', 'D', 'The correct response must match the meaning and function of the spoken question.'),
(771, 39, 'mcq', 'Question 21: Choose the best response to the short workplace question.', NULL, NULL, 21, 'Yes, I sent the updated file this morning.', 'No, the conference room was cleaned yesterday.', 'Because the printer is near the front desk.', 'She usually travels there in November.', 'A', 'The correct response must match the meaning and function of the spoken question.'),
(772, 39, 'mcq', 'Question 22: Choose the best response to the short workplace question.', NULL, NULL, 22, 'Yes, I sent the updated file this morning.', 'No, the conference room was cleaned yesterday.', 'Because the printer is near the front desk.', 'She usually travels there in November.', 'B', 'The correct response must match the meaning and function of the spoken question.'),
(773, 39, 'mcq', 'Question 23: Choose the best response to the short workplace question.', NULL, NULL, 23, 'Yes, I sent the updated file this morning.', 'No, the conference room was cleaned yesterday.', 'Because the printer is near the front desk.', 'She usually travels there in November.', 'C', 'The correct response must match the meaning and function of the spoken question.'),
(774, 39, 'mcq', 'Question 24: Choose the best response to the short workplace question.', NULL, NULL, 24, 'Yes, I sent the updated file this morning.', 'No, the conference room was cleaned yesterday.', 'Because the printer is near the front desk.', 'She usually travels there in November.', 'D', 'The correct response must match the meaning and function of the spoken question.'),
(775, 39, 'mcq', 'Question 25: Choose the best response to the short workplace question.', NULL, NULL, 25, 'Yes, I sent the updated file this morning.', 'No, the conference room was cleaned yesterday.', 'Because the printer is near the front desk.', 'She usually travels there in November.', 'A', 'The correct response must match the meaning and function of the spoken question.'),
(789, 33, 'mcq', 'Question 1: What is the main topic of the conversation?', NULL, NULL, 1, 'Confirm a schedule, delivery, or branch task.', 'Discuss a personal vacation plan.', 'Complain about a broken public bus route.', 'Describe a finished event with no follow-up.', 'A', 'The correct option reflects the typical business action in the dialogue and the follow-up request.'),
(790, 33, 'mcq', 'Question 2: What does one speaker ask the other to do next?', NULL, NULL, 2, 'Confirm a schedule, delivery, or branch task.', 'Discuss a personal vacation plan.', 'Complain about a broken public bus route.', 'Describe a finished event with no follow-up.', 'A', 'The correct option reflects the typical business action in the dialogue and the follow-up request.'),
(791, 33, 'mcq', 'Question 3: What problem or concern is mentioned in the conversation?', NULL, NULL, 3, 'Confirm a schedule, delivery, or branch task.', 'Discuss a personal vacation plan.', 'Complain about a broken public bus route.', 'Describe a finished event with no follow-up.', 'A', 'The correct option reflects the typical business action in the dialogue and the follow-up request.'),
(792, 33, 'mcq', 'Question 4: What is the main topic of the conversation?', NULL, NULL, 4, 'Confirm a schedule, delivery, or branch task.', 'Discuss a personal vacation plan.', 'Complain about a broken public bus route.', 'Describe a finished event with no follow-up.', 'A', 'The correct option reflects the typical business action in the dialogue and the follow-up request.'),
(793, 33, 'mcq', 'Question 5: What does one speaker ask the other to do next?', NULL, NULL, 5, 'Confirm a schedule, delivery, or branch task.', 'Discuss a personal vacation plan.', 'Complain about a broken public bus route.', 'Describe a finished event with no follow-up.', 'A', 'The correct option reflects the typical business action in the dialogue and the follow-up request.'),
(794, 33, 'mcq', 'Question 6: What problem or concern is mentioned in the conversation?', NULL, NULL, 6, 'Confirm a schedule, delivery, or branch task.', 'Discuss a personal vacation plan.', 'Complain about a broken public bus route.', 'Describe a finished event with no follow-up.', 'A', 'The correct option reflects the typical business action in the dialogue and the follow-up request.'),
(795, 33, 'mcq', 'Question 7: What is the main topic of the conversation?', NULL, NULL, 7, 'Confirm a schedule, delivery, or branch task.', 'Discuss a personal vacation plan.', 'Complain about a broken public bus route.', 'Describe a finished event with no follow-up.', 'A', 'The correct option reflects the typical business action in the dialogue and the follow-up request.'),
(796, 33, 'mcq', 'Question 8: What does one speaker ask the other to do next?', NULL, NULL, 8, 'Confirm a schedule, delivery, or branch task.', 'Discuss a personal vacation plan.', 'Complain about a broken public bus route.', 'Describe a finished event with no follow-up.', 'A', 'The correct option reflects the typical business action in the dialogue and the follow-up request.'),
(797, 33, 'mcq', 'Question 9: What problem or concern is mentioned in the conversation?', NULL, NULL, 9, 'Confirm a schedule, delivery, or branch task.', 'Discuss a personal vacation plan.', 'Complain about a broken public bus route.', 'Describe a finished event with no follow-up.', 'A', 'The correct option reflects the typical business action in the dialogue and the follow-up request.'),
(798, 33, 'mcq', 'Question 10: What is the main topic of the conversation?', NULL, NULL, 10, 'Confirm a schedule, delivery, or branch task.', 'Discuss a personal vacation plan.', 'Complain about a broken public bus route.', 'Describe a finished event with no follow-up.', 'A', 'The correct option reflects the typical business action in the dialogue and the follow-up request.'),
(799, 33, 'mcq', 'Question 11: What does one speaker ask the other to do next?', NULL, NULL, 11, 'Confirm a schedule, delivery, or branch task.', 'Discuss a personal vacation plan.', 'Complain about a broken public bus route.', 'Describe a finished event with no follow-up.', 'A', 'The correct option reflects the typical business action in the dialogue and the follow-up request.'),
(800, 33, 'mcq', 'Question 12: What problem or concern is mentioned in the conversation?', NULL, NULL, 12, 'Confirm a schedule, delivery, or branch task.', 'Discuss a personal vacation plan.', 'Complain about a broken public bus route.', 'Describe a finished event with no follow-up.', 'A', 'The correct option reflects the typical business action in the dialogue and the follow-up request.'),
(801, 33, 'mcq', 'Question 13: What is the main topic of the conversation?', NULL, NULL, 13, 'Confirm a schedule, delivery, or branch task.', 'Discuss a personal vacation plan.', 'Complain about a broken public bus route.', 'Describe a finished event with no follow-up.', 'A', 'The correct option reflects the typical business action in the dialogue and the follow-up request.'),
(802, 33, 'mcq', 'Question 14: What does one speaker ask the other to do next?', NULL, NULL, 14, 'Confirm a schedule, delivery, or branch task.', 'Discuss a personal vacation plan.', 'Complain about a broken public bus route.', 'Describe a finished event with no follow-up.', 'A', 'The correct option reflects the typical business action in the dialogue and the follow-up request.'),
(803, 33, 'mcq', 'Question 15: What problem or concern is mentioned in the conversation?', NULL, NULL, 15, 'Confirm a schedule, delivery, or branch task.', 'Discuss a personal vacation plan.', 'Complain about a broken public bus route.', 'Describe a finished event with no follow-up.', 'A', 'The correct option reflects the typical business action in the dialogue and the follow-up request.'),
(804, 33, 'mcq', 'Question 16: What is the main topic of the conversation?', NULL, NULL, 16, 'Confirm a schedule, delivery, or branch task.', 'Discuss a personal vacation plan.', 'Complain about a broken public bus route.', 'Describe a finished event with no follow-up.', 'A', 'The correct option reflects the typical business action in the dialogue and the follow-up request.'),
(805, 33, 'mcq', 'Question 17: What does one speaker ask the other to do next?', NULL, NULL, 17, 'Confirm a schedule, delivery, or branch task.', 'Discuss a personal vacation plan.', 'Complain about a broken public bus route.', 'Describe a finished event with no follow-up.', 'A', 'The correct option reflects the typical business action in the dialogue and the follow-up request.'),
(806, 33, 'mcq', 'Question 18: What problem or concern is mentioned in the conversation?', NULL, NULL, 18, 'Confirm a schedule, delivery, or branch task.', 'Discuss a personal vacation plan.', 'Complain about a broken public bus route.', 'Describe a finished event with no follow-up.', 'A', 'The correct option reflects the typical business action in the dialogue and the follow-up request.'),
(807, 33, 'mcq', 'Question 19: What is the main topic of the conversation?', NULL, NULL, 19, 'Confirm a schedule, delivery, or branch task.', 'Discuss a personal vacation plan.', 'Complain about a broken public bus route.', 'Describe a finished event with no follow-up.', 'A', 'The correct option reflects the typical business action in the dialogue and the follow-up request.'),
(808, 33, 'mcq', 'Question 20: What does one speaker ask the other to do next?', NULL, NULL, 20, 'Confirm a schedule, delivery, or branch task.', 'Discuss a personal vacation plan.', 'Complain about a broken public bus route.', 'Describe a finished event with no follow-up.', 'A', 'The correct option reflects the typical business action in the dialogue and the follow-up request.'),
(809, 33, 'mcq', 'Question 21: What problem or concern is mentioned in the conversation?', NULL, NULL, 21, 'Confirm a schedule, delivery, or branch task.', 'Discuss a personal vacation plan.', 'Complain about a broken public bus route.', 'Describe a finished event with no follow-up.', 'A', 'The correct option reflects the typical business action in the dialogue and the follow-up request.'),
(810, 33, 'mcq', 'Question 22: What is the main topic of the conversation?', NULL, NULL, 22, 'Confirm a schedule, delivery, or branch task.', 'Discuss a personal vacation plan.', 'Complain about a broken public bus route.', 'Describe a finished event with no follow-up.', 'A', 'The correct option reflects the typical business action in the dialogue and the follow-up request.'),
(811, 33, 'mcq', 'Question 23: What does one speaker ask the other to do next?', NULL, NULL, 23, 'Confirm a schedule, delivery, or branch task.', 'Discuss a personal vacation plan.', 'Complain about a broken public bus route.', 'Describe a finished event with no follow-up.', 'A', 'The correct option reflects the typical business action in the dialogue and the follow-up request.'),
(812, 33, 'mcq', 'Question 24: What problem or concern is mentioned in the conversation?', NULL, NULL, 24, 'Confirm a schedule, delivery, or branch task.', 'Discuss a personal vacation plan.', 'Complain about a broken public bus route.', 'Describe a finished event with no follow-up.', 'A', 'The correct option reflects the typical business action in the dialogue and the follow-up request.'),
(813, 33, 'mcq', 'Question 25: What is the main topic of the conversation?', NULL, NULL, 25, 'Confirm a schedule, delivery, or branch task.', 'Discuss a personal vacation plan.', 'Complain about a broken public bus route.', 'Describe a finished event with no follow-up.', 'A', 'The correct option reflects the typical business action in the dialogue and the follow-up request.'),
(814, 33, 'mcq', 'Question 26: What does one speaker ask the other to do next?', NULL, NULL, 26, 'Confirm a schedule, delivery, or branch task.', 'Discuss a personal vacation plan.', 'Complain about a broken public bus route.', 'Describe a finished event with no follow-up.', 'A', 'The correct option reflects the typical business action in the dialogue and the follow-up request.'),
(815, 33, 'mcq', 'Question 27: What problem or concern is mentioned in the conversation?', NULL, NULL, 27, 'Confirm a schedule, delivery, or branch task.', 'Discuss a personal vacation plan.', 'Complain about a broken public bus route.', 'Describe a finished event with no follow-up.', 'A', 'The correct option reflects the typical business action in the dialogue and the follow-up request.'),
(816, 33, 'mcq', 'Question 28: What is the main topic of the conversation?', NULL, NULL, 28, 'Confirm a schedule, delivery, or branch task.', 'Discuss a personal vacation plan.', 'Complain about a broken public bus route.', 'Describe a finished event with no follow-up.', 'A', 'The correct option reflects the typical business action in the dialogue and the follow-up request.'),
(817, 33, 'mcq', 'Question 29: What does one speaker ask the other to do next?', NULL, NULL, 29, 'Confirm a schedule, delivery, or branch task.', 'Discuss a personal vacation plan.', 'Complain about a broken public bus route.', 'Describe a finished event with no follow-up.', 'A', 'The correct option reflects the typical business action in the dialogue and the follow-up request.'),
(818, 33, 'mcq', 'Question 30: What problem or concern is mentioned in the conversation?', NULL, NULL, 30, 'Confirm a schedule, delivery, or branch task.', 'Discuss a personal vacation plan.', 'Complain about a broken public bus route.', 'Describe a finished event with no follow-up.', 'A', 'The correct option reflects the typical business action in the dialogue and the follow-up request.'),
(819, 33, 'mcq', 'Question 31: What is the main topic of the conversation?', NULL, NULL, 31, 'Confirm a schedule, delivery, or branch task.', 'Discuss a personal vacation plan.', 'Complain about a broken public bus route.', 'Describe a finished event with no follow-up.', 'A', 'The correct option reflects the typical business action in the dialogue and the follow-up request.'),
(820, 33, 'mcq', 'Question 32: What does one speaker ask the other to do next?', NULL, NULL, 32, 'Confirm a schedule, delivery, or branch task.', 'Discuss a personal vacation plan.', 'Complain about a broken public bus route.', 'Describe a finished event with no follow-up.', 'A', 'The correct option reflects the typical business action in the dialogue and the follow-up request.'),
(821, 33, 'mcq', 'Question 33: What problem or concern is mentioned in the conversation?', NULL, NULL, 33, 'Confirm a schedule, delivery, or branch task.', 'Discuss a personal vacation plan.', 'Complain about a broken public bus route.', 'Describe a finished event with no follow-up.', 'A', 'The correct option reflects the typical business action in the dialogue and the follow-up request.'),
(822, 33, 'mcq', 'Question 34: What is the main topic of the conversation?', NULL, NULL, 34, 'Confirm a schedule, delivery, or branch task.', 'Discuss a personal vacation plan.', 'Complain about a broken public bus route.', 'Describe a finished event with no follow-up.', 'A', 'The correct option reflects the typical business action in the dialogue and the follow-up request.'),
(823, 33, 'mcq', 'Question 35: What does one speaker ask the other to do next?', NULL, NULL, 35, 'Confirm a schedule, delivery, or branch task.', 'Discuss a personal vacation plan.', 'Complain about a broken public bus route.', 'Describe a finished event with no follow-up.', 'A', 'The correct option reflects the typical business action in the dialogue and the follow-up request.'),
(824, 33, 'mcq', 'Question 36: What problem or concern is mentioned in the conversation?', NULL, NULL, 36, 'Confirm a schedule, delivery, or branch task.', 'Discuss a personal vacation plan.', 'Complain about a broken public bus route.', 'Describe a finished event with no follow-up.', 'A', 'The correct option reflects the typical business action in the dialogue and the follow-up request.'),
(825, 33, 'mcq', 'Question 37: What is the main topic of the conversation?', NULL, NULL, 37, 'Confirm a schedule, delivery, or branch task.', 'Discuss a personal vacation plan.', 'Complain about a broken public bus route.', 'Describe a finished event with no follow-up.', 'A', 'The correct option reflects the typical business action in the dialogue and the follow-up request.'),
(826, 33, 'mcq', 'Question 38: What does one speaker ask the other to do next?', NULL, NULL, 38, 'Confirm a schedule, delivery, or branch task.', 'Discuss a personal vacation plan.', 'Complain about a broken public bus route.', 'Describe a finished event with no follow-up.', 'A', 'The correct option reflects the typical business action in the dialogue and the follow-up request.'),
(827, 33, 'mcq', 'Question 39: What problem or concern is mentioned in the conversation?', NULL, NULL, 39, 'Confirm a schedule, delivery, or branch task.', 'Discuss a personal vacation plan.', 'Complain about a broken public bus route.', 'Describe a finished event with no follow-up.', 'A', 'The correct option reflects the typical business action in the dialogue and the follow-up request.'),
(828, 40, 'mcq', 'Question 1: What is the main topic of the conversation?', NULL, NULL, 1, 'Confirm a schedule, delivery, or branch task.', 'Discuss a personal vacation plan.', 'Complain about a broken public bus route.', 'Describe a finished event with no follow-up.', 'A', 'The correct option reflects the typical business action in the dialogue and the follow-up request.'),
(829, 40, 'mcq', 'Question 2: What does one speaker ask the other to do next?', NULL, NULL, 2, 'Confirm a schedule, delivery, or branch task.', 'Discuss a personal vacation plan.', 'Complain about a broken public bus route.', 'Describe a finished event with no follow-up.', 'A', 'The correct option reflects the typical business action in the dialogue and the follow-up request.'),
(830, 40, 'mcq', 'Question 3: What problem or concern is mentioned in the conversation?', NULL, NULL, 3, 'Confirm a schedule, delivery, or branch task.', 'Discuss a personal vacation plan.', 'Complain about a broken public bus route.', 'Describe a finished event with no follow-up.', 'A', 'The correct option reflects the typical business action in the dialogue and the follow-up request.'),
(831, 40, 'mcq', 'Question 4: What is the main topic of the conversation?', NULL, NULL, 4, 'Confirm a schedule, delivery, or branch task.', 'Discuss a personal vacation plan.', 'Complain about a broken public bus route.', 'Describe a finished event with no follow-up.', 'A', 'The correct option reflects the typical business action in the dialogue and the follow-up request.'),
(832, 40, 'mcq', 'Question 5: What does one speaker ask the other to do next?', NULL, NULL, 5, 'Confirm a schedule, delivery, or branch task.', 'Discuss a personal vacation plan.', 'Complain about a broken public bus route.', 'Describe a finished event with no follow-up.', 'A', 'The correct option reflects the typical business action in the dialogue and the follow-up request.'),
(833, 40, 'mcq', 'Question 6: What problem or concern is mentioned in the conversation?', NULL, NULL, 6, 'Confirm a schedule, delivery, or branch task.', 'Discuss a personal vacation plan.', 'Complain about a broken public bus route.', 'Describe a finished event with no follow-up.', 'A', 'The correct option reflects the typical business action in the dialogue and the follow-up request.'),
(834, 40, 'mcq', 'Question 7: What is the main topic of the conversation?', NULL, NULL, 7, 'Confirm a schedule, delivery, or branch task.', 'Discuss a personal vacation plan.', 'Complain about a broken public bus route.', 'Describe a finished event with no follow-up.', 'A', 'The correct option reflects the typical business action in the dialogue and the follow-up request.'),
(835, 40, 'mcq', 'Question 8: What does one speaker ask the other to do next?', NULL, NULL, 8, 'Confirm a schedule, delivery, or branch task.', 'Discuss a personal vacation plan.', 'Complain about a broken public bus route.', 'Describe a finished event with no follow-up.', 'A', 'The correct option reflects the typical business action in the dialogue and the follow-up request.'),
(836, 40, 'mcq', 'Question 9: What problem or concern is mentioned in the conversation?', NULL, NULL, 9, 'Confirm a schedule, delivery, or branch task.', 'Discuss a personal vacation plan.', 'Complain about a broken public bus route.', 'Describe a finished event with no follow-up.', 'A', 'The correct option reflects the typical business action in the dialogue and the follow-up request.'),
(837, 40, 'mcq', 'Question 10: What is the main topic of the conversation?', NULL, NULL, 10, 'Confirm a schedule, delivery, or branch task.', 'Discuss a personal vacation plan.', 'Complain about a broken public bus route.', 'Describe a finished event with no follow-up.', 'A', 'The correct option reflects the typical business action in the dialogue and the follow-up request.'),
(838, 40, 'mcq', 'Question 11: What does one speaker ask the other to do next?', NULL, NULL, 11, 'Confirm a schedule, delivery, or branch task.', 'Discuss a personal vacation plan.', 'Complain about a broken public bus route.', 'Describe a finished event with no follow-up.', 'A', 'The correct option reflects the typical business action in the dialogue and the follow-up request.'),
(839, 40, 'mcq', 'Question 12: What problem or concern is mentioned in the conversation?', NULL, NULL, 12, 'Confirm a schedule, delivery, or branch task.', 'Discuss a personal vacation plan.', 'Complain about a broken public bus route.', 'Describe a finished event with no follow-up.', 'A', 'The correct option reflects the typical business action in the dialogue and the follow-up request.'),
(840, 40, 'mcq', 'Question 13: What is the main topic of the conversation?', NULL, NULL, 13, 'Confirm a schedule, delivery, or branch task.', 'Discuss a personal vacation plan.', 'Complain about a broken public bus route.', 'Describe a finished event with no follow-up.', 'A', 'The correct option reflects the typical business action in the dialogue and the follow-up request.'),
(841, 40, 'mcq', 'Question 14: What does one speaker ask the other to do next?', NULL, NULL, 14, 'Confirm a schedule, delivery, or branch task.', 'Discuss a personal vacation plan.', 'Complain about a broken public bus route.', 'Describe a finished event with no follow-up.', 'A', 'The correct option reflects the typical business action in the dialogue and the follow-up request.'),
(842, 40, 'mcq', 'Question 15: What problem or concern is mentioned in the conversation?', NULL, NULL, 15, 'Confirm a schedule, delivery, or branch task.', 'Discuss a personal vacation plan.', 'Complain about a broken public bus route.', 'Describe a finished event with no follow-up.', 'A', 'The correct option reflects the typical business action in the dialogue and the follow-up request.'),
(843, 40, 'mcq', 'Question 16: What is the main topic of the conversation?', NULL, NULL, 16, 'Confirm a schedule, delivery, or branch task.', 'Discuss a personal vacation plan.', 'Complain about a broken public bus route.', 'Describe a finished event with no follow-up.', 'A', 'The correct option reflects the typical business action in the dialogue and the follow-up request.'),
(844, 40, 'mcq', 'Question 17: What does one speaker ask the other to do next?', NULL, NULL, 17, 'Confirm a schedule, delivery, or branch task.', 'Discuss a personal vacation plan.', 'Complain about a broken public bus route.', 'Describe a finished event with no follow-up.', 'A', 'The correct option reflects the typical business action in the dialogue and the follow-up request.'),
(845, 40, 'mcq', 'Question 18: What problem or concern is mentioned in the conversation?', NULL, NULL, 18, 'Confirm a schedule, delivery, or branch task.', 'Discuss a personal vacation plan.', 'Complain about a broken public bus route.', 'Describe a finished event with no follow-up.', 'A', 'The correct option reflects the typical business action in the dialogue and the follow-up request.'),
(846, 40, 'mcq', 'Question 19: What is the main topic of the conversation?', NULL, NULL, 19, 'Confirm a schedule, delivery, or branch task.', 'Discuss a personal vacation plan.', 'Complain about a broken public bus route.', 'Describe a finished event with no follow-up.', 'A', 'The correct option reflects the typical business action in the dialogue and the follow-up request.'),
(847, 40, 'mcq', 'Question 20: What does one speaker ask the other to do next?', NULL, NULL, 20, 'Confirm a schedule, delivery, or branch task.', 'Discuss a personal vacation plan.', 'Complain about a broken public bus route.', 'Describe a finished event with no follow-up.', 'A', 'The correct option reflects the typical business action in the dialogue and the follow-up request.'),
(848, 40, 'mcq', 'Question 21: What problem or concern is mentioned in the conversation?', NULL, NULL, 21, 'Confirm a schedule, delivery, or branch task.', 'Discuss a personal vacation plan.', 'Complain about a broken public bus route.', 'Describe a finished event with no follow-up.', 'A', 'The correct option reflects the typical business action in the dialogue and the follow-up request.'),
(849, 40, 'mcq', 'Question 22: What is the main topic of the conversation?', NULL, NULL, 22, 'Confirm a schedule, delivery, or branch task.', 'Discuss a personal vacation plan.', 'Complain about a broken public bus route.', 'Describe a finished event with no follow-up.', 'A', 'The correct option reflects the typical business action in the dialogue and the follow-up request.'),
(850, 40, 'mcq', 'Question 23: What does one speaker ask the other to do next?', NULL, NULL, 23, 'Confirm a schedule, delivery, or branch task.', 'Discuss a personal vacation plan.', 'Complain about a broken public bus route.', 'Describe a finished event with no follow-up.', 'A', 'The correct option reflects the typical business action in the dialogue and the follow-up request.'),
(851, 40, 'mcq', 'Question 24: What problem or concern is mentioned in the conversation?', NULL, NULL, 24, 'Confirm a schedule, delivery, or branch task.', 'Discuss a personal vacation plan.', 'Complain about a broken public bus route.', 'Describe a finished event with no follow-up.', 'A', 'The correct option reflects the typical business action in the dialogue and the follow-up request.'),
(852, 40, 'mcq', 'Question 25: What is the main topic of the conversation?', NULL, NULL, 25, 'Confirm a schedule, delivery, or branch task.', 'Discuss a personal vacation plan.', 'Complain about a broken public bus route.', 'Describe a finished event with no follow-up.', 'A', 'The correct option reflects the typical business action in the dialogue and the follow-up request.'),
(853, 40, 'mcq', 'Question 26: What does one speaker ask the other to do next?', NULL, NULL, 26, 'Confirm a schedule, delivery, or branch task.', 'Discuss a personal vacation plan.', 'Complain about a broken public bus route.', 'Describe a finished event with no follow-up.', 'A', 'The correct option reflects the typical business action in the dialogue and the follow-up request.'),
(854, 40, 'mcq', 'Question 27: What problem or concern is mentioned in the conversation?', NULL, NULL, 27, 'Confirm a schedule, delivery, or branch task.', 'Discuss a personal vacation plan.', 'Complain about a broken public bus route.', 'Describe a finished event with no follow-up.', 'A', 'The correct option reflects the typical business action in the dialogue and the follow-up request.'),
(855, 40, 'mcq', 'Question 28: What is the main topic of the conversation?', NULL, NULL, 28, 'Confirm a schedule, delivery, or branch task.', 'Discuss a personal vacation plan.', 'Complain about a broken public bus route.', 'Describe a finished event with no follow-up.', 'A', 'The correct option reflects the typical business action in the dialogue and the follow-up request.'),
(856, 40, 'mcq', 'Question 29: What does one speaker ask the other to do next?', NULL, NULL, 29, 'Confirm a schedule, delivery, or branch task.', 'Discuss a personal vacation plan.', 'Complain about a broken public bus route.', 'Describe a finished event with no follow-up.', 'A', 'The correct option reflects the typical business action in the dialogue and the follow-up request.');
INSERT INTO `questions` (`question_id`, `group_id`, `question_type`, `question_text`, `image_url`, `audio_url`, `order_num`, `option_a`, `option_b`, `option_c`, `option_d`, `correct_answer`, `explanation`) VALUES
(857, 40, 'mcq', 'Question 30: What problem or concern is mentioned in the conversation?', NULL, NULL, 30, 'Confirm a schedule, delivery, or branch task.', 'Discuss a personal vacation plan.', 'Complain about a broken public bus route.', 'Describe a finished event with no follow-up.', 'A', 'The correct option reflects the typical business action in the dialogue and the follow-up request.'),
(858, 40, 'mcq', 'Question 31: What is the main topic of the conversation?', NULL, NULL, 31, 'Confirm a schedule, delivery, or branch task.', 'Discuss a personal vacation plan.', 'Complain about a broken public bus route.', 'Describe a finished event with no follow-up.', 'A', 'The correct option reflects the typical business action in the dialogue and the follow-up request.'),
(859, 40, 'mcq', 'Question 32: What does one speaker ask the other to do next?', NULL, NULL, 32, 'Confirm a schedule, delivery, or branch task.', 'Discuss a personal vacation plan.', 'Complain about a broken public bus route.', 'Describe a finished event with no follow-up.', 'A', 'The correct option reflects the typical business action in the dialogue and the follow-up request.'),
(860, 40, 'mcq', 'Question 33: What problem or concern is mentioned in the conversation?', NULL, NULL, 33, 'Confirm a schedule, delivery, or branch task.', 'Discuss a personal vacation plan.', 'Complain about a broken public bus route.', 'Describe a finished event with no follow-up.', 'A', 'The correct option reflects the typical business action in the dialogue and the follow-up request.'),
(861, 40, 'mcq', 'Question 34: What is the main topic of the conversation?', NULL, NULL, 34, 'Confirm a schedule, delivery, or branch task.', 'Discuss a personal vacation plan.', 'Complain about a broken public bus route.', 'Describe a finished event with no follow-up.', 'A', 'The correct option reflects the typical business action in the dialogue and the follow-up request.'),
(862, 40, 'mcq', 'Question 35: What does one speaker ask the other to do next?', NULL, NULL, 35, 'Confirm a schedule, delivery, or branch task.', 'Discuss a personal vacation plan.', 'Complain about a broken public bus route.', 'Describe a finished event with no follow-up.', 'A', 'The correct option reflects the typical business action in the dialogue and the follow-up request.'),
(863, 40, 'mcq', 'Question 36: What problem or concern is mentioned in the conversation?', NULL, NULL, 36, 'Confirm a schedule, delivery, or branch task.', 'Discuss a personal vacation plan.', 'Complain about a broken public bus route.', 'Describe a finished event with no follow-up.', 'A', 'The correct option reflects the typical business action in the dialogue and the follow-up request.'),
(864, 40, 'mcq', 'Question 37: What is the main topic of the conversation?', NULL, NULL, 37, 'Confirm a schedule, delivery, or branch task.', 'Discuss a personal vacation plan.', 'Complain about a broken public bus route.', 'Describe a finished event with no follow-up.', 'A', 'The correct option reflects the typical business action in the dialogue and the follow-up request.'),
(865, 40, 'mcq', 'Question 38: What does one speaker ask the other to do next?', NULL, NULL, 38, 'Confirm a schedule, delivery, or branch task.', 'Discuss a personal vacation plan.', 'Complain about a broken public bus route.', 'Describe a finished event with no follow-up.', 'A', 'The correct option reflects the typical business action in the dialogue and the follow-up request.'),
(866, 40, 'mcq', 'Question 39: What problem or concern is mentioned in the conversation?', NULL, NULL, 39, 'Confirm a schedule, delivery, or branch task.', 'Discuss a personal vacation plan.', 'Complain about a broken public bus route.', 'Describe a finished event with no follow-up.', 'A', 'The correct option reflects the typical business action in the dialogue and the follow-up request.'),
(916, 34, 'mcq', 'Question 1: What is the purpose of the announcement or talk?', NULL, NULL, 1, 'Follow an instruction related to a meeting, update, or company procedure.', 'Ignore the message because the issue is already closed.', 'Call an outside supplier immediately for a refund.', 'Submit a travel request from last year again.', 'A', 'The short talk always gives a practical instruction, update, or reminder to listeners.'),
(917, 34, 'mcq', 'Question 2: What detail about time, place, or process is mentioned?', NULL, NULL, 2, 'Follow an instruction related to a meeting, update, or company procedure.', 'Ignore the message because the issue is already closed.', 'Call an outside supplier immediately for a refund.', 'Submit a travel request from last year again.', 'A', 'The short talk always gives a practical instruction, update, or reminder to listeners.'),
(918, 34, 'mcq', 'Question 3: What are listeners most likely expected to do?', NULL, NULL, 3, 'Follow an instruction related to a meeting, update, or company procedure.', 'Ignore the message because the issue is already closed.', 'Call an outside supplier immediately for a refund.', 'Submit a travel request from last year again.', 'A', 'The short talk always gives a practical instruction, update, or reminder to listeners.'),
(919, 34, 'mcq', 'Question 4: What is the purpose of the announcement or talk?', NULL, NULL, 4, 'Follow an instruction related to a meeting, update, or company procedure.', 'Ignore the message because the issue is already closed.', 'Call an outside supplier immediately for a refund.', 'Submit a travel request from last year again.', 'A', 'The short talk always gives a practical instruction, update, or reminder to listeners.'),
(920, 34, 'mcq', 'Question 5: What detail about time, place, or process is mentioned?', NULL, NULL, 5, 'Follow an instruction related to a meeting, update, or company procedure.', 'Ignore the message because the issue is already closed.', 'Call an outside supplier immediately for a refund.', 'Submit a travel request from last year again.', 'A', 'The short talk always gives a practical instruction, update, or reminder to listeners.'),
(921, 34, 'mcq', 'Question 6: What are listeners most likely expected to do?', NULL, NULL, 6, 'Follow an instruction related to a meeting, update, or company procedure.', 'Ignore the message because the issue is already closed.', 'Call an outside supplier immediately for a refund.', 'Submit a travel request from last year again.', 'A', 'The short talk always gives a practical instruction, update, or reminder to listeners.'),
(922, 34, 'mcq', 'Question 7: What is the purpose of the announcement or talk?', NULL, NULL, 7, 'Follow an instruction related to a meeting, update, or company procedure.', 'Ignore the message because the issue is already closed.', 'Call an outside supplier immediately for a refund.', 'Submit a travel request from last year again.', 'A', 'The short talk always gives a practical instruction, update, or reminder to listeners.'),
(923, 34, 'mcq', 'Question 8: What detail about time, place, or process is mentioned?', NULL, NULL, 8, 'Follow an instruction related to a meeting, update, or company procedure.', 'Ignore the message because the issue is already closed.', 'Call an outside supplier immediately for a refund.', 'Submit a travel request from last year again.', 'A', 'The short talk always gives a practical instruction, update, or reminder to listeners.'),
(924, 34, 'mcq', 'Question 9: What are listeners most likely expected to do?', NULL, NULL, 9, 'Follow an instruction related to a meeting, update, or company procedure.', 'Ignore the message because the issue is already closed.', 'Call an outside supplier immediately for a refund.', 'Submit a travel request from last year again.', 'A', 'The short talk always gives a practical instruction, update, or reminder to listeners.'),
(925, 34, 'mcq', 'Question 10: What is the purpose of the announcement or talk?', NULL, NULL, 10, 'Follow an instruction related to a meeting, update, or company procedure.', 'Ignore the message because the issue is already closed.', 'Call an outside supplier immediately for a refund.', 'Submit a travel request from last year again.', 'A', 'The short talk always gives a practical instruction, update, or reminder to listeners.'),
(926, 34, 'mcq', 'Question 11: What detail about time, place, or process is mentioned?', NULL, NULL, 11, 'Follow an instruction related to a meeting, update, or company procedure.', 'Ignore the message because the issue is already closed.', 'Call an outside supplier immediately for a refund.', 'Submit a travel request from last year again.', 'A', 'The short talk always gives a practical instruction, update, or reminder to listeners.'),
(927, 34, 'mcq', 'Question 12: What are listeners most likely expected to do?', NULL, NULL, 12, 'Follow an instruction related to a meeting, update, or company procedure.', 'Ignore the message because the issue is already closed.', 'Call an outside supplier immediately for a refund.', 'Submit a travel request from last year again.', 'A', 'The short talk always gives a practical instruction, update, or reminder to listeners.'),
(928, 34, 'mcq', 'Question 13: What is the purpose of the announcement or talk?', NULL, NULL, 13, 'Follow an instruction related to a meeting, update, or company procedure.', 'Ignore the message because the issue is already closed.', 'Call an outside supplier immediately for a refund.', 'Submit a travel request from last year again.', 'A', 'The short talk always gives a practical instruction, update, or reminder to listeners.'),
(929, 34, 'mcq', 'Question 14: What detail about time, place, or process is mentioned?', NULL, NULL, 14, 'Follow an instruction related to a meeting, update, or company procedure.', 'Ignore the message because the issue is already closed.', 'Call an outside supplier immediately for a refund.', 'Submit a travel request from last year again.', 'A', 'The short talk always gives a practical instruction, update, or reminder to listeners.'),
(930, 34, 'mcq', 'Question 15: What are listeners most likely expected to do?', NULL, NULL, 15, 'Follow an instruction related to a meeting, update, or company procedure.', 'Ignore the message because the issue is already closed.', 'Call an outside supplier immediately for a refund.', 'Submit a travel request from last year again.', 'A', 'The short talk always gives a practical instruction, update, or reminder to listeners.'),
(931, 34, 'mcq', 'Question 16: What is the purpose of the announcement or talk?', NULL, NULL, 16, 'Follow an instruction related to a meeting, update, or company procedure.', 'Ignore the message because the issue is already closed.', 'Call an outside supplier immediately for a refund.', 'Submit a travel request from last year again.', 'A', 'The short talk always gives a practical instruction, update, or reminder to listeners.'),
(932, 34, 'mcq', 'Question 17: What detail about time, place, or process is mentioned?', NULL, NULL, 17, 'Follow an instruction related to a meeting, update, or company procedure.', 'Ignore the message because the issue is already closed.', 'Call an outside supplier immediately for a refund.', 'Submit a travel request from last year again.', 'A', 'The short talk always gives a practical instruction, update, or reminder to listeners.'),
(933, 34, 'mcq', 'Question 18: What are listeners most likely expected to do?', NULL, NULL, 18, 'Follow an instruction related to a meeting, update, or company procedure.', 'Ignore the message because the issue is already closed.', 'Call an outside supplier immediately for a refund.', 'Submit a travel request from last year again.', 'A', 'The short talk always gives a practical instruction, update, or reminder to listeners.'),
(934, 34, 'mcq', 'Question 19: What is the purpose of the announcement or talk?', NULL, NULL, 19, 'Follow an instruction related to a meeting, update, or company procedure.', 'Ignore the message because the issue is already closed.', 'Call an outside supplier immediately for a refund.', 'Submit a travel request from last year again.', 'A', 'The short talk always gives a practical instruction, update, or reminder to listeners.'),
(935, 34, 'mcq', 'Question 20: What detail about time, place, or process is mentioned?', NULL, NULL, 20, 'Follow an instruction related to a meeting, update, or company procedure.', 'Ignore the message because the issue is already closed.', 'Call an outside supplier immediately for a refund.', 'Submit a travel request from last year again.', 'A', 'The short talk always gives a practical instruction, update, or reminder to listeners.'),
(936, 34, 'mcq', 'Question 21: What are listeners most likely expected to do?', NULL, NULL, 21, 'Follow an instruction related to a meeting, update, or company procedure.', 'Ignore the message because the issue is already closed.', 'Call an outside supplier immediately for a refund.', 'Submit a travel request from last year again.', 'A', 'The short talk always gives a practical instruction, update, or reminder to listeners.'),
(937, 34, 'mcq', 'Question 22: What is the purpose of the announcement or talk?', NULL, NULL, 22, 'Follow an instruction related to a meeting, update, or company procedure.', 'Ignore the message because the issue is already closed.', 'Call an outside supplier immediately for a refund.', 'Submit a travel request from last year again.', 'A', 'The short talk always gives a practical instruction, update, or reminder to listeners.'),
(938, 34, 'mcq', 'Question 23: What detail about time, place, or process is mentioned?', NULL, NULL, 23, 'Follow an instruction related to a meeting, update, or company procedure.', 'Ignore the message because the issue is already closed.', 'Call an outside supplier immediately for a refund.', 'Submit a travel request from last year again.', 'A', 'The short talk always gives a practical instruction, update, or reminder to listeners.'),
(939, 34, 'mcq', 'Question 24: What are listeners most likely expected to do?', NULL, NULL, 24, 'Follow an instruction related to a meeting, update, or company procedure.', 'Ignore the message because the issue is already closed.', 'Call an outside supplier immediately for a refund.', 'Submit a travel request from last year again.', 'A', 'The short talk always gives a practical instruction, update, or reminder to listeners.'),
(940, 34, 'mcq', 'Question 25: What is the purpose of the announcement or talk?', NULL, NULL, 25, 'Follow an instruction related to a meeting, update, or company procedure.', 'Ignore the message because the issue is already closed.', 'Call an outside supplier immediately for a refund.', 'Submit a travel request from last year again.', 'A', 'The short talk always gives a practical instruction, update, or reminder to listeners.'),
(941, 34, 'mcq', 'Question 26: What detail about time, place, or process is mentioned?', NULL, NULL, 26, 'Follow an instruction related to a meeting, update, or company procedure.', 'Ignore the message because the issue is already closed.', 'Call an outside supplier immediately for a refund.', 'Submit a travel request from last year again.', 'A', 'The short talk always gives a practical instruction, update, or reminder to listeners.'),
(942, 34, 'mcq', 'Question 27: What are listeners most likely expected to do?', NULL, NULL, 27, 'Follow an instruction related to a meeting, update, or company procedure.', 'Ignore the message because the issue is already closed.', 'Call an outside supplier immediately for a refund.', 'Submit a travel request from last year again.', 'A', 'The short talk always gives a practical instruction, update, or reminder to listeners.'),
(943, 34, 'mcq', 'Question 28: What is the purpose of the announcement or talk?', NULL, NULL, 28, 'Follow an instruction related to a meeting, update, or company procedure.', 'Ignore the message because the issue is already closed.', 'Call an outside supplier immediately for a refund.', 'Submit a travel request from last year again.', 'A', 'The short talk always gives a practical instruction, update, or reminder to listeners.'),
(944, 34, 'mcq', 'Question 29: What detail about time, place, or process is mentioned?', NULL, NULL, 29, 'Follow an instruction related to a meeting, update, or company procedure.', 'Ignore the message because the issue is already closed.', 'Call an outside supplier immediately for a refund.', 'Submit a travel request from last year again.', 'A', 'The short talk always gives a practical instruction, update, or reminder to listeners.'),
(945, 34, 'mcq', 'Question 30: What are listeners most likely expected to do?', NULL, NULL, 30, 'Follow an instruction related to a meeting, update, or company procedure.', 'Ignore the message because the issue is already closed.', 'Call an outside supplier immediately for a refund.', 'Submit a travel request from last year again.', 'A', 'The short talk always gives a practical instruction, update, or reminder to listeners.'),
(946, 41, 'mcq', 'Question 1: What is the purpose of the announcement or talk?', NULL, NULL, 1, 'Follow an instruction related to a meeting, update, or company procedure.', 'Ignore the message because the issue is already closed.', 'Call an outside supplier immediately for a refund.', 'Submit a travel request from last year again.', 'A', 'The short talk always gives a practical instruction, update, or reminder to listeners.'),
(947, 41, 'mcq', 'Question 2: What detail about time, place, or process is mentioned?', NULL, NULL, 2, 'Follow an instruction related to a meeting, update, or company procedure.', 'Ignore the message because the issue is already closed.', 'Call an outside supplier immediately for a refund.', 'Submit a travel request from last year again.', 'A', 'The short talk always gives a practical instruction, update, or reminder to listeners.'),
(948, 41, 'mcq', 'Question 3: What are listeners most likely expected to do?', NULL, NULL, 3, 'Follow an instruction related to a meeting, update, or company procedure.', 'Ignore the message because the issue is already closed.', 'Call an outside supplier immediately for a refund.', 'Submit a travel request from last year again.', 'A', 'The short talk always gives a practical instruction, update, or reminder to listeners.'),
(949, 41, 'mcq', 'Question 4: What is the purpose of the announcement or talk?', NULL, NULL, 4, 'Follow an instruction related to a meeting, update, or company procedure.', 'Ignore the message because the issue is already closed.', 'Call an outside supplier immediately for a refund.', 'Submit a travel request from last year again.', 'A', 'The short talk always gives a practical instruction, update, or reminder to listeners.'),
(950, 41, 'mcq', 'Question 5: What detail about time, place, or process is mentioned?', NULL, NULL, 5, 'Follow an instruction related to a meeting, update, or company procedure.', 'Ignore the message because the issue is already closed.', 'Call an outside supplier immediately for a refund.', 'Submit a travel request from last year again.', 'A', 'The short talk always gives a practical instruction, update, or reminder to listeners.'),
(951, 41, 'mcq', 'Question 6: What are listeners most likely expected to do?', NULL, NULL, 6, 'Follow an instruction related to a meeting, update, or company procedure.', 'Ignore the message because the issue is already closed.', 'Call an outside supplier immediately for a refund.', 'Submit a travel request from last year again.', 'A', 'The short talk always gives a practical instruction, update, or reminder to listeners.'),
(952, 41, 'mcq', 'Question 7: What is the purpose of the announcement or talk?', NULL, NULL, 7, 'Follow an instruction related to a meeting, update, or company procedure.', 'Ignore the message because the issue is already closed.', 'Call an outside supplier immediately for a refund.', 'Submit a travel request from last year again.', 'A', 'The short talk always gives a practical instruction, update, or reminder to listeners.'),
(953, 41, 'mcq', 'Question 8: What detail about time, place, or process is mentioned?', NULL, NULL, 8, 'Follow an instruction related to a meeting, update, or company procedure.', 'Ignore the message because the issue is already closed.', 'Call an outside supplier immediately for a refund.', 'Submit a travel request from last year again.', 'A', 'The short talk always gives a practical instruction, update, or reminder to listeners.'),
(954, 41, 'mcq', 'Question 9: What are listeners most likely expected to do?', NULL, NULL, 9, 'Follow an instruction related to a meeting, update, or company procedure.', 'Ignore the message because the issue is already closed.', 'Call an outside supplier immediately for a refund.', 'Submit a travel request from last year again.', 'A', 'The short talk always gives a practical instruction, update, or reminder to listeners.'),
(955, 41, 'mcq', 'Question 10: What is the purpose of the announcement or talk?', NULL, NULL, 10, 'Follow an instruction related to a meeting, update, or company procedure.', 'Ignore the message because the issue is already closed.', 'Call an outside supplier immediately for a refund.', 'Submit a travel request from last year again.', 'A', 'The short talk always gives a practical instruction, update, or reminder to listeners.'),
(956, 41, 'mcq', 'Question 11: What detail about time, place, or process is mentioned?', NULL, NULL, 11, 'Follow an instruction related to a meeting, update, or company procedure.', 'Ignore the message because the issue is already closed.', 'Call an outside supplier immediately for a refund.', 'Submit a travel request from last year again.', 'A', 'The short talk always gives a practical instruction, update, or reminder to listeners.'),
(957, 41, 'mcq', 'Question 12: What are listeners most likely expected to do?', NULL, NULL, 12, 'Follow an instruction related to a meeting, update, or company procedure.', 'Ignore the message because the issue is already closed.', 'Call an outside supplier immediately for a refund.', 'Submit a travel request from last year again.', 'A', 'The short talk always gives a practical instruction, update, or reminder to listeners.'),
(958, 41, 'mcq', 'Question 13: What is the purpose of the announcement or talk?', NULL, NULL, 13, 'Follow an instruction related to a meeting, update, or company procedure.', 'Ignore the message because the issue is already closed.', 'Call an outside supplier immediately for a refund.', 'Submit a travel request from last year again.', 'A', 'The short talk always gives a practical instruction, update, or reminder to listeners.'),
(959, 41, 'mcq', 'Question 14: What detail about time, place, or process is mentioned?', NULL, NULL, 14, 'Follow an instruction related to a meeting, update, or company procedure.', 'Ignore the message because the issue is already closed.', 'Call an outside supplier immediately for a refund.', 'Submit a travel request from last year again.', 'A', 'The short talk always gives a practical instruction, update, or reminder to listeners.'),
(960, 41, 'mcq', 'Question 15: What are listeners most likely expected to do?', NULL, NULL, 15, 'Follow an instruction related to a meeting, update, or company procedure.', 'Ignore the message because the issue is already closed.', 'Call an outside supplier immediately for a refund.', 'Submit a travel request from last year again.', 'A', 'The short talk always gives a practical instruction, update, or reminder to listeners.'),
(961, 41, 'mcq', 'Question 16: What is the purpose of the announcement or talk?', NULL, NULL, 16, 'Follow an instruction related to a meeting, update, or company procedure.', 'Ignore the message because the issue is already closed.', 'Call an outside supplier immediately for a refund.', 'Submit a travel request from last year again.', 'A', 'The short talk always gives a practical instruction, update, or reminder to listeners.'),
(962, 41, 'mcq', 'Question 17: What detail about time, place, or process is mentioned?', NULL, NULL, 17, 'Follow an instruction related to a meeting, update, or company procedure.', 'Ignore the message because the issue is already closed.', 'Call an outside supplier immediately for a refund.', 'Submit a travel request from last year again.', 'A', 'The short talk always gives a practical instruction, update, or reminder to listeners.'),
(963, 41, 'mcq', 'Question 18: What are listeners most likely expected to do?', NULL, NULL, 18, 'Follow an instruction related to a meeting, update, or company procedure.', 'Ignore the message because the issue is already closed.', 'Call an outside supplier immediately for a refund.', 'Submit a travel request from last year again.', 'A', 'The short talk always gives a practical instruction, update, or reminder to listeners.'),
(964, 41, 'mcq', 'Question 19: What is the purpose of the announcement or talk?', NULL, NULL, 19, 'Follow an instruction related to a meeting, update, or company procedure.', 'Ignore the message because the issue is already closed.', 'Call an outside supplier immediately for a refund.', 'Submit a travel request from last year again.', 'A', 'The short talk always gives a practical instruction, update, or reminder to listeners.'),
(965, 41, 'mcq', 'Question 20: What detail about time, place, or process is mentioned?', NULL, NULL, 20, 'Follow an instruction related to a meeting, update, or company procedure.', 'Ignore the message because the issue is already closed.', 'Call an outside supplier immediately for a refund.', 'Submit a travel request from last year again.', 'A', 'The short talk always gives a practical instruction, update, or reminder to listeners.'),
(966, 41, 'mcq', 'Question 21: What are listeners most likely expected to do?', NULL, NULL, 21, 'Follow an instruction related to a meeting, update, or company procedure.', 'Ignore the message because the issue is already closed.', 'Call an outside supplier immediately for a refund.', 'Submit a travel request from last year again.', 'A', 'The short talk always gives a practical instruction, update, or reminder to listeners.'),
(967, 41, 'mcq', 'Question 22: What is the purpose of the announcement or talk?', NULL, NULL, 22, 'Follow an instruction related to a meeting, update, or company procedure.', 'Ignore the message because the issue is already closed.', 'Call an outside supplier immediately for a refund.', 'Submit a travel request from last year again.', 'A', 'The short talk always gives a practical instruction, update, or reminder to listeners.'),
(968, 41, 'mcq', 'Question 23: What detail about time, place, or process is mentioned?', NULL, NULL, 23, 'Follow an instruction related to a meeting, update, or company procedure.', 'Ignore the message because the issue is already closed.', 'Call an outside supplier immediately for a refund.', 'Submit a travel request from last year again.', 'A', 'The short talk always gives a practical instruction, update, or reminder to listeners.'),
(969, 41, 'mcq', 'Question 24: What are listeners most likely expected to do?', NULL, NULL, 24, 'Follow an instruction related to a meeting, update, or company procedure.', 'Ignore the message because the issue is already closed.', 'Call an outside supplier immediately for a refund.', 'Submit a travel request from last year again.', 'A', 'The short talk always gives a practical instruction, update, or reminder to listeners.'),
(970, 41, 'mcq', 'Question 25: What is the purpose of the announcement or talk?', NULL, NULL, 25, 'Follow an instruction related to a meeting, update, or company procedure.', 'Ignore the message because the issue is already closed.', 'Call an outside supplier immediately for a refund.', 'Submit a travel request from last year again.', 'A', 'The short talk always gives a practical instruction, update, or reminder to listeners.'),
(971, 41, 'mcq', 'Question 26: What detail about time, place, or process is mentioned?', NULL, NULL, 26, 'Follow an instruction related to a meeting, update, or company procedure.', 'Ignore the message because the issue is already closed.', 'Call an outside supplier immediately for a refund.', 'Submit a travel request from last year again.', 'A', 'The short talk always gives a practical instruction, update, or reminder to listeners.'),
(972, 41, 'mcq', 'Question 27: What are listeners most likely expected to do?', NULL, NULL, 27, 'Follow an instruction related to a meeting, update, or company procedure.', 'Ignore the message because the issue is already closed.', 'Call an outside supplier immediately for a refund.', 'Submit a travel request from last year again.', 'A', 'The short talk always gives a practical instruction, update, or reminder to listeners.'),
(973, 41, 'mcq', 'Question 28: What is the purpose of the announcement or talk?', NULL, NULL, 28, 'Follow an instruction related to a meeting, update, or company procedure.', 'Ignore the message because the issue is already closed.', 'Call an outside supplier immediately for a refund.', 'Submit a travel request from last year again.', 'A', 'The short talk always gives a practical instruction, update, or reminder to listeners.'),
(974, 41, 'mcq', 'Question 29: What detail about time, place, or process is mentioned?', NULL, NULL, 29, 'Follow an instruction related to a meeting, update, or company procedure.', 'Ignore the message because the issue is already closed.', 'Call an outside supplier immediately for a refund.', 'Submit a travel request from last year again.', 'A', 'The short talk always gives a practical instruction, update, or reminder to listeners.'),
(975, 41, 'mcq', 'Question 30: What are listeners most likely expected to do?', NULL, NULL, 30, 'Follow an instruction related to a meeting, update, or company procedure.', 'Ignore the message because the issue is already closed.', 'Call an outside supplier immediately for a refund.', 'Submit a travel request from last year again.', 'A', 'The short talk always gives a practical instruction, update, or reminder to listeners.'),
(979, 36, 'mcq', 'Question 1: What is the purpose of the policy or newsletter text?', NULL, NULL, 1, 'scheduled', 'schedule', 'scheduling', 'schedules', 'A', 'The surrounding sentence needs a standard business-text completion, usually a base form adjective or verb that fits the grammar.'),
(980, 36, 'mcq', 'Question 2: Which specific detail completes the missing information?', NULL, NULL, 2, 'scheduled', 'schedule', 'scheduling', 'schedules', 'A', 'The surrounding sentence needs a standard business-text completion, usually a base form adjective or verb that fits the grammar.'),
(981, 36, 'mcq', 'Question 3: Which department or team is mentioned in the context?', NULL, NULL, 3, 'scheduled', 'schedule', 'scheduling', 'schedules', 'A', 'The surrounding sentence needs a standard business-text completion, usually a base form adjective or verb that fits the grammar.'),
(982, 36, 'mcq', 'Question 4: What is the most suitable completion based on the tone of the document?', NULL, NULL, 4, 'scheduled', 'schedule', 'scheduling', 'schedules', 'A', 'The surrounding sentence needs a standard business-text completion, usually a base form adjective or verb that fits the grammar.'),
(983, 36, 'mcq', 'Question 5: What is the purpose of the policy or newsletter text?', NULL, NULL, 5, 'scheduled', 'schedule', 'scheduling', 'schedules', 'A', 'The surrounding sentence needs a standard business-text completion, usually a base form adjective or verb that fits the grammar.'),
(984, 36, 'mcq', 'Question 6: Which specific detail completes the missing information?', NULL, NULL, 6, 'scheduled', 'schedule', 'scheduling', 'schedules', 'A', 'The surrounding sentence needs a standard business-text completion, usually a base form adjective or verb that fits the grammar.'),
(985, 36, 'mcq', 'Question 7: Which department or team is mentioned in the context?', NULL, NULL, 7, 'scheduled', 'schedule', 'scheduling', 'schedules', 'A', 'The surrounding sentence needs a standard business-text completion, usually a base form adjective or verb that fits the grammar.'),
(986, 36, 'mcq', 'Question 8: What is the most suitable completion based on the tone of the document?', NULL, NULL, 8, 'scheduled', 'schedule', 'scheduling', 'schedules', 'A', 'The surrounding sentence needs a standard business-text completion, usually a base form adjective or verb that fits the grammar.'),
(987, 36, 'mcq', 'Question 9: What is the purpose of the policy or newsletter text?', NULL, NULL, 9, 'scheduled', 'schedule', 'scheduling', 'schedules', 'A', 'The surrounding sentence needs a standard business-text completion, usually a base form adjective or verb that fits the grammar.'),
(988, 36, 'mcq', 'Question 10: Which specific detail completes the missing information?', NULL, NULL, 10, 'scheduled', 'schedule', 'scheduling', 'schedules', 'A', 'The surrounding sentence needs a standard business-text completion, usually a base form adjective or verb that fits the grammar.'),
(989, 36, 'mcq', 'Question 11: Which department or team is mentioned in the context?', NULL, NULL, 11, 'scheduled', 'schedule', 'scheduling', 'schedules', 'A', 'The surrounding sentence needs a standard business-text completion, usually a base form adjective or verb that fits the grammar.'),
(990, 36, 'mcq', 'Question 12: What is the most suitable completion based on the tone of the document?', NULL, NULL, 12, 'scheduled', 'schedule', 'scheduling', 'schedules', 'A', 'The surrounding sentence needs a standard business-text completion, usually a base form adjective or verb that fits the grammar.'),
(991, 36, 'mcq', 'Question 13: What is the purpose of the policy or newsletter text?', NULL, NULL, 13, 'scheduled', 'schedule', 'scheduling', 'schedules', 'A', 'The surrounding sentence needs a standard business-text completion, usually a base form adjective or verb that fits the grammar.'),
(992, 36, 'mcq', 'Question 14: Which specific detail completes the missing information?', NULL, NULL, 14, 'scheduled', 'schedule', 'scheduling', 'schedules', 'A', 'The surrounding sentence needs a standard business-text completion, usually a base form adjective or verb that fits the grammar.'),
(993, 36, 'mcq', 'Question 15: Which department or team is mentioned in the context?', NULL, NULL, 15, 'scheduled', 'schedule', 'scheduling', 'schedules', 'A', 'The surrounding sentence needs a standard business-text completion, usually a base form adjective or verb that fits the grammar.'),
(994, 36, 'mcq', 'Question 16: What is the most suitable completion based on the tone of the document?', NULL, NULL, 16, 'scheduled', 'schedule', 'scheduling', 'schedules', 'A', 'The surrounding sentence needs a standard business-text completion, usually a base form adjective or verb that fits the grammar.'),
(995, 43, 'mcq', 'Question 1: What is the purpose of the policy or newsletter text?', NULL, NULL, 1, 'scheduled', 'schedule', 'scheduling', 'schedules', 'A', 'The surrounding sentence needs a standard business-text completion, usually a base form adjective or verb that fits the grammar.'),
(996, 43, 'mcq', 'Question 2: Which specific detail completes the missing information?', NULL, NULL, 2, 'scheduled', 'schedule', 'scheduling', 'schedules', 'A', 'The surrounding sentence needs a standard business-text completion, usually a base form adjective or verb that fits the grammar.'),
(997, 43, 'mcq', 'Question 3: Which department or team is mentioned in the context?', NULL, NULL, 3, 'scheduled', 'schedule', 'scheduling', 'schedules', 'A', 'The surrounding sentence needs a standard business-text completion, usually a base form adjective or verb that fits the grammar.'),
(998, 43, 'mcq', 'Question 4: What is the most suitable completion based on the tone of the document?', NULL, NULL, 4, 'scheduled', 'schedule', 'scheduling', 'schedules', 'A', 'The surrounding sentence needs a standard business-text completion, usually a base form adjective or verb that fits the grammar.'),
(999, 43, 'mcq', 'Question 5: What is the purpose of the policy or newsletter text?', NULL, NULL, 5, 'scheduled', 'schedule', 'scheduling', 'schedules', 'A', 'The surrounding sentence needs a standard business-text completion, usually a base form adjective or verb that fits the grammar.'),
(1000, 43, 'mcq', 'Question 6: Which specific detail completes the missing information?', NULL, NULL, 6, 'scheduled', 'schedule', 'scheduling', 'schedules', 'A', 'The surrounding sentence needs a standard business-text completion, usually a base form adjective or verb that fits the grammar.'),
(1001, 43, 'mcq', 'Question 7: Which department or team is mentioned in the context?', NULL, NULL, 7, 'scheduled', 'schedule', 'scheduling', 'schedules', 'A', 'The surrounding sentence needs a standard business-text completion, usually a base form adjective or verb that fits the grammar.'),
(1002, 43, 'mcq', 'Question 8: What is the most suitable completion based on the tone of the document?', NULL, NULL, 8, 'scheduled', 'schedule', 'scheduling', 'schedules', 'A', 'The surrounding sentence needs a standard business-text completion, usually a base form adjective or verb that fits the grammar.'),
(1003, 43, 'mcq', 'Question 9: What is the purpose of the policy or newsletter text?', NULL, NULL, 9, 'scheduled', 'schedule', 'scheduling', 'schedules', 'A', 'The surrounding sentence needs a standard business-text completion, usually a base form adjective or verb that fits the grammar.'),
(1004, 43, 'mcq', 'Question 10: Which specific detail completes the missing information?', NULL, NULL, 10, 'scheduled', 'schedule', 'scheduling', 'schedules', 'A', 'The surrounding sentence needs a standard business-text completion, usually a base form adjective or verb that fits the grammar.'),
(1005, 43, 'mcq', 'Question 11: Which department or team is mentioned in the context?', NULL, NULL, 11, 'scheduled', 'schedule', 'scheduling', 'schedules', 'A', 'The surrounding sentence needs a standard business-text completion, usually a base form adjective or verb that fits the grammar.'),
(1006, 43, 'mcq', 'Question 12: What is the most suitable completion based on the tone of the document?', NULL, NULL, 12, 'scheduled', 'schedule', 'scheduling', 'schedules', 'A', 'The surrounding sentence needs a standard business-text completion, usually a base form adjective or verb that fits the grammar.'),
(1007, 43, 'mcq', 'Question 13: What is the purpose of the policy or newsletter text?', NULL, NULL, 13, 'scheduled', 'schedule', 'scheduling', 'schedules', 'A', 'The surrounding sentence needs a standard business-text completion, usually a base form adjective or verb that fits the grammar.'),
(1008, 43, 'mcq', 'Question 14: Which specific detail completes the missing information?', NULL, NULL, 14, 'scheduled', 'schedule', 'scheduling', 'schedules', 'A', 'The surrounding sentence needs a standard business-text completion, usually a base form adjective or verb that fits the grammar.'),
(1009, 43, 'mcq', 'Question 15: Which department or team is mentioned in the context?', NULL, NULL, 15, 'scheduled', 'schedule', 'scheduling', 'schedules', 'A', 'The surrounding sentence needs a standard business-text completion, usually a base form adjective or verb that fits the grammar.'),
(1010, 43, 'mcq', 'Question 16: What is the most suitable completion based on the tone of the document?', NULL, NULL, 16, 'scheduled', 'schedule', 'scheduling', 'schedules', 'A', 'The surrounding sentence needs a standard business-text completion, usually a base form adjective or verb that fits the grammar.'),
(1042, 37, 'mcq', 'Question 1: What is the main purpose of the reading material?', NULL, NULL, 1, 'To communicate a practical business update, notice, or request.', 'To cancel all future operations without explanation.', 'To advertise a concert ticket package for tourists.', 'To replace every earlier document with a blank form.', 'A', 'Part 7 questions are answered by reading the purpose, details, audience, or implication of the document.'),
(1043, 37, 'mcq', 'Question 2: Which detail is stated in the reading material?', NULL, NULL, 2, 'To communicate a practical business update, notice, or request.', 'To cancel all future operations without explanation.', 'To advertise a concert ticket package for tourists.', 'To replace every earlier document with a blank form.', 'A', 'Part 7 questions are answered by reading the purpose, details, audience, or implication of the document.'),
(1044, 37, 'mcq', 'Question 3: Who is the intended audience for the document?', NULL, NULL, 3, 'To communicate a practical business update, notice, or request.', 'To cancel all future operations without explanation.', 'To advertise a concert ticket package for tourists.', 'To replace every earlier document with a blank form.', 'A', 'Part 7 questions are answered by reading the purpose, details, audience, or implication of the document.'),
(1045, 37, 'mcq', 'Question 4: What can be inferred about the next step?', NULL, NULL, 4, 'To communicate a practical business update, notice, or request.', 'To cancel all future operations without explanation.', 'To advertise a concert ticket package for tourists.', 'To replace every earlier document with a blank form.', 'A', 'Part 7 questions are answered by reading the purpose, details, audience, or implication of the document.'),
(1046, 37, 'mcq', 'Question 5: Why is a schedule, table, or note included?', NULL, NULL, 5, 'To communicate a practical business update, notice, or request.', 'To cancel all future operations without explanation.', 'To advertise a concert ticket package for tourists.', 'To replace every earlier document with a blank form.', 'A', 'Part 7 questions are answered by reading the purpose, details, audience, or implication of the document.'),
(1047, 37, 'mcq', 'Question 6: What is most likely true about the situation described?', NULL, NULL, 6, 'To communicate a practical business update, notice, or request.', 'To cancel all future operations without explanation.', 'To advertise a concert ticket package for tourists.', 'To replace every earlier document with a blank form.', 'A', 'Part 7 questions are answered by reading the purpose, details, audience, or implication of the document.'),
(1048, 37, 'mcq', 'Question 7: What is the main purpose of the reading material?', NULL, NULL, 7, 'To communicate a practical business update, notice, or request.', 'To cancel all future operations without explanation.', 'To advertise a concert ticket package for tourists.', 'To replace every earlier document with a blank form.', 'A', 'Part 7 questions are answered by reading the purpose, details, audience, or implication of the document.'),
(1049, 37, 'mcq', 'Question 8: Which detail is stated in the reading material?', NULL, NULL, 8, 'To communicate a practical business update, notice, or request.', 'To cancel all future operations without explanation.', 'To advertise a concert ticket package for tourists.', 'To replace every earlier document with a blank form.', 'A', 'Part 7 questions are answered by reading the purpose, details, audience, or implication of the document.'),
(1050, 37, 'mcq', 'Question 9: Who is the intended audience for the document?', NULL, NULL, 9, 'To communicate a practical business update, notice, or request.', 'To cancel all future operations without explanation.', 'To advertise a concert ticket package for tourists.', 'To replace every earlier document with a blank form.', 'A', 'Part 7 questions are answered by reading the purpose, details, audience, or implication of the document.'),
(1051, 37, 'mcq', 'Question 10: What can be inferred about the next step?', NULL, NULL, 10, 'To communicate a practical business update, notice, or request.', 'To cancel all future operations without explanation.', 'To advertise a concert ticket package for tourists.', 'To replace every earlier document with a blank form.', 'A', 'Part 7 questions are answered by reading the purpose, details, audience, or implication of the document.'),
(1052, 37, 'mcq', 'Question 11: Why is a schedule, table, or note included?', NULL, NULL, 11, 'To communicate a practical business update, notice, or request.', 'To cancel all future operations without explanation.', 'To advertise a concert ticket package for tourists.', 'To replace every earlier document with a blank form.', 'A', 'Part 7 questions are answered by reading the purpose, details, audience, or implication of the document.'),
(1053, 37, 'mcq', 'Question 12: What is most likely true about the situation described?', NULL, NULL, 12, 'To communicate a practical business update, notice, or request.', 'To cancel all future operations without explanation.', 'To advertise a concert ticket package for tourists.', 'To replace every earlier document with a blank form.', 'A', 'Part 7 questions are answered by reading the purpose, details, audience, or implication of the document.'),
(1054, 37, 'mcq', 'Question 13: What is the main purpose of the reading material?', NULL, NULL, 13, 'To communicate a practical business update, notice, or request.', 'To cancel all future operations without explanation.', 'To advertise a concert ticket package for tourists.', 'To replace every earlier document with a blank form.', 'A', 'Part 7 questions are answered by reading the purpose, details, audience, or implication of the document.'),
(1055, 37, 'mcq', 'Question 14: Which detail is stated in the reading material?', NULL, NULL, 14, 'To communicate a practical business update, notice, or request.', 'To cancel all future operations without explanation.', 'To advertise a concert ticket package for tourists.', 'To replace every earlier document with a blank form.', 'A', 'Part 7 questions are answered by reading the purpose, details, audience, or implication of the document.'),
(1056, 37, 'mcq', 'Question 15: Who is the intended audience for the document?', NULL, NULL, 15, 'To communicate a practical business update, notice, or request.', 'To cancel all future operations without explanation.', 'To advertise a concert ticket package for tourists.', 'To replace every earlier document with a blank form.', 'A', 'Part 7 questions are answered by reading the purpose, details, audience, or implication of the document.'),
(1057, 37, 'mcq', 'Question 16: What can be inferred about the next step?', NULL, NULL, 16, 'To communicate a practical business update, notice, or request.', 'To cancel all future operations without explanation.', 'To advertise a concert ticket package for tourists.', 'To replace every earlier document with a blank form.', 'A', 'Part 7 questions are answered by reading the purpose, details, audience, or implication of the document.'),
(1058, 37, 'mcq', 'Question 17: Why is a schedule, table, or note included?', NULL, NULL, 17, 'To communicate a practical business update, notice, or request.', 'To cancel all future operations without explanation.', 'To advertise a concert ticket package for tourists.', 'To replace every earlier document with a blank form.', 'A', 'Part 7 questions are answered by reading the purpose, details, audience, or implication of the document.'),
(1059, 37, 'mcq', 'Question 18: What is most likely true about the situation described?', NULL, NULL, 18, 'To communicate a practical business update, notice, or request.', 'To cancel all future operations without explanation.', 'To advertise a concert ticket package for tourists.', 'To replace every earlier document with a blank form.', 'A', 'Part 7 questions are answered by reading the purpose, details, audience, or implication of the document.'),
(1060, 37, 'mcq', 'Question 19: What is the main purpose of the reading material?', NULL, NULL, 19, 'To communicate a practical business update, notice, or request.', 'To cancel all future operations without explanation.', 'To advertise a concert ticket package for tourists.', 'To replace every earlier document with a blank form.', 'A', 'Part 7 questions are answered by reading the purpose, details, audience, or implication of the document.'),
(1061, 37, 'mcq', 'Question 20: Which detail is stated in the reading material?', NULL, NULL, 20, 'To communicate a practical business update, notice, or request.', 'To cancel all future operations without explanation.', 'To advertise a concert ticket package for tourists.', 'To replace every earlier document with a blank form.', 'A', 'Part 7 questions are answered by reading the purpose, details, audience, or implication of the document.'),
(1062, 37, 'mcq', 'Question 21: Who is the intended audience for the document?', NULL, NULL, 21, 'To communicate a practical business update, notice, or request.', 'To cancel all future operations without explanation.', 'To advertise a concert ticket package for tourists.', 'To replace every earlier document with a blank form.', 'A', 'Part 7 questions are answered by reading the purpose, details, audience, or implication of the document.'),
(1063, 37, 'mcq', 'Question 22: What can be inferred about the next step?', NULL, NULL, 22, 'To communicate a practical business update, notice, or request.', 'To cancel all future operations without explanation.', 'To advertise a concert ticket package for tourists.', 'To replace every earlier document with a blank form.', 'A', 'Part 7 questions are answered by reading the purpose, details, audience, or implication of the document.'),
(1064, 37, 'mcq', 'Question 23: Why is a schedule, table, or note included?', NULL, NULL, 23, 'To communicate a practical business update, notice, or request.', 'To cancel all future operations without explanation.', 'To advertise a concert ticket package for tourists.', 'To replace every earlier document with a blank form.', 'A', 'Part 7 questions are answered by reading the purpose, details, audience, or implication of the document.');
INSERT INTO `questions` (`question_id`, `group_id`, `question_type`, `question_text`, `image_url`, `audio_url`, `order_num`, `option_a`, `option_b`, `option_c`, `option_d`, `correct_answer`, `explanation`) VALUES
(1065, 37, 'mcq', 'Question 24: What is most likely true about the situation described?', NULL, NULL, 24, 'To communicate a practical business update, notice, or request.', 'To cancel all future operations without explanation.', 'To advertise a concert ticket package for tourists.', 'To replace every earlier document with a blank form.', 'A', 'Part 7 questions are answered by reading the purpose, details, audience, or implication of the document.'),
(1066, 37, 'mcq', 'Question 25: What is the main purpose of the reading material?', NULL, NULL, 25, 'To communicate a practical business update, notice, or request.', 'To cancel all future operations without explanation.', 'To advertise a concert ticket package for tourists.', 'To replace every earlier document with a blank form.', 'A', 'Part 7 questions are answered by reading the purpose, details, audience, or implication of the document.'),
(1067, 37, 'mcq', 'Question 26: Which detail is stated in the reading material?', NULL, NULL, 26, 'To communicate a practical business update, notice, or request.', 'To cancel all future operations without explanation.', 'To advertise a concert ticket package for tourists.', 'To replace every earlier document with a blank form.', 'A', 'Part 7 questions are answered by reading the purpose, details, audience, or implication of the document.'),
(1068, 37, 'mcq', 'Question 27: Who is the intended audience for the document?', NULL, NULL, 27, 'To communicate a practical business update, notice, or request.', 'To cancel all future operations without explanation.', 'To advertise a concert ticket package for tourists.', 'To replace every earlier document with a blank form.', 'A', 'Part 7 questions are answered by reading the purpose, details, audience, or implication of the document.'),
(1069, 37, 'mcq', 'Question 28: What can be inferred about the next step?', NULL, NULL, 28, 'To communicate a practical business update, notice, or request.', 'To cancel all future operations without explanation.', 'To advertise a concert ticket package for tourists.', 'To replace every earlier document with a blank form.', 'A', 'Part 7 questions are answered by reading the purpose, details, audience, or implication of the document.'),
(1070, 37, 'mcq', 'Question 29: Why is a schedule, table, or note included?', NULL, NULL, 29, 'To communicate a practical business update, notice, or request.', 'To cancel all future operations without explanation.', 'To advertise a concert ticket package for tourists.', 'To replace every earlier document with a blank form.', 'A', 'Part 7 questions are answered by reading the purpose, details, audience, or implication of the document.'),
(1071, 37, 'mcq', 'Question 30: What is most likely true about the situation described?', NULL, NULL, 30, 'To communicate a practical business update, notice, or request.', 'To cancel all future operations without explanation.', 'To advertise a concert ticket package for tourists.', 'To replace every earlier document with a blank form.', 'A', 'Part 7 questions are answered by reading the purpose, details, audience, or implication of the document.'),
(1072, 37, 'mcq', 'Question 31: What is the main purpose of the reading material?', NULL, NULL, 31, 'To communicate a practical business update, notice, or request.', 'To cancel all future operations without explanation.', 'To advertise a concert ticket package for tourists.', 'To replace every earlier document with a blank form.', 'A', 'Part 7 questions are answered by reading the purpose, details, audience, or implication of the document.'),
(1073, 37, 'mcq', 'Question 32: Which detail is stated in the reading material?', NULL, NULL, 32, 'To communicate a practical business update, notice, or request.', 'To cancel all future operations without explanation.', 'To advertise a concert ticket package for tourists.', 'To replace every earlier document with a blank form.', 'A', 'Part 7 questions are answered by reading the purpose, details, audience, or implication of the document.'),
(1074, 37, 'mcq', 'Question 33: Who is the intended audience for the document?', NULL, NULL, 33, 'To communicate a practical business update, notice, or request.', 'To cancel all future operations without explanation.', 'To advertise a concert ticket package for tourists.', 'To replace every earlier document with a blank form.', 'A', 'Part 7 questions are answered by reading the purpose, details, audience, or implication of the document.'),
(1075, 37, 'mcq', 'Question 34: What can be inferred about the next step?', NULL, NULL, 34, 'To communicate a practical business update, notice, or request.', 'To cancel all future operations without explanation.', 'To advertise a concert ticket package for tourists.', 'To replace every earlier document with a blank form.', 'A', 'Part 7 questions are answered by reading the purpose, details, audience, or implication of the document.'),
(1076, 37, 'mcq', 'Question 35: Why is a schedule, table, or note included?', NULL, NULL, 35, 'To communicate a practical business update, notice, or request.', 'To cancel all future operations without explanation.', 'To advertise a concert ticket package for tourists.', 'To replace every earlier document with a blank form.', 'A', 'Part 7 questions are answered by reading the purpose, details, audience, or implication of the document.'),
(1077, 37, 'mcq', 'Question 36: What is most likely true about the situation described?', NULL, NULL, 36, 'To communicate a practical business update, notice, or request.', 'To cancel all future operations without explanation.', 'To advertise a concert ticket package for tourists.', 'To replace every earlier document with a blank form.', 'A', 'Part 7 questions are answered by reading the purpose, details, audience, or implication of the document.'),
(1078, 37, 'mcq', 'Question 37: What is the main purpose of the reading material?', NULL, NULL, 37, 'To communicate a practical business update, notice, or request.', 'To cancel all future operations without explanation.', 'To advertise a concert ticket package for tourists.', 'To replace every earlier document with a blank form.', 'A', 'Part 7 questions are answered by reading the purpose, details, audience, or implication of the document.'),
(1079, 37, 'mcq', 'Question 38: Which detail is stated in the reading material?', NULL, NULL, 38, 'To communicate a practical business update, notice, or request.', 'To cancel all future operations without explanation.', 'To advertise a concert ticket package for tourists.', 'To replace every earlier document with a blank form.', 'A', 'Part 7 questions are answered by reading the purpose, details, audience, or implication of the document.'),
(1080, 37, 'mcq', 'Question 39: Who is the intended audience for the document?', NULL, NULL, 39, 'To communicate a practical business update, notice, or request.', 'To cancel all future operations without explanation.', 'To advertise a concert ticket package for tourists.', 'To replace every earlier document with a blank form.', 'A', 'Part 7 questions are answered by reading the purpose, details, audience, or implication of the document.'),
(1081, 37, 'mcq', 'Question 40: What can be inferred about the next step?', NULL, NULL, 40, 'To communicate a practical business update, notice, or request.', 'To cancel all future operations without explanation.', 'To advertise a concert ticket package for tourists.', 'To replace every earlier document with a blank form.', 'A', 'Part 7 questions are answered by reading the purpose, details, audience, or implication of the document.'),
(1082, 37, 'mcq', 'Question 41: Why is a schedule, table, or note included?', NULL, NULL, 41, 'To communicate a practical business update, notice, or request.', 'To cancel all future operations without explanation.', 'To advertise a concert ticket package for tourists.', 'To replace every earlier document with a blank form.', 'A', 'Part 7 questions are answered by reading the purpose, details, audience, or implication of the document.'),
(1083, 37, 'mcq', 'Question 42: What is most likely true about the situation described?', NULL, NULL, 42, 'To communicate a practical business update, notice, or request.', 'To cancel all future operations without explanation.', 'To advertise a concert ticket package for tourists.', 'To replace every earlier document with a blank form.', 'A', 'Part 7 questions are answered by reading the purpose, details, audience, or implication of the document.'),
(1084, 37, 'mcq', 'Question 43: What is the main purpose of the reading material?', NULL, NULL, 43, 'To communicate a practical business update, notice, or request.', 'To cancel all future operations without explanation.', 'To advertise a concert ticket package for tourists.', 'To replace every earlier document with a blank form.', 'A', 'Part 7 questions are answered by reading the purpose, details, audience, or implication of the document.'),
(1085, 37, 'mcq', 'Question 44: Which detail is stated in the reading material?', NULL, NULL, 44, 'To communicate a practical business update, notice, or request.', 'To cancel all future operations without explanation.', 'To advertise a concert ticket package for tourists.', 'To replace every earlier document with a blank form.', 'A', 'Part 7 questions are answered by reading the purpose, details, audience, or implication of the document.'),
(1086, 37, 'mcq', 'Question 45: Who is the intended audience for the document?', NULL, NULL, 45, 'To communicate a practical business update, notice, or request.', 'To cancel all future operations without explanation.', 'To advertise a concert ticket package for tourists.', 'To replace every earlier document with a blank form.', 'A', 'Part 7 questions are answered by reading the purpose, details, audience, or implication of the document.'),
(1087, 37, 'mcq', 'Question 46: What can be inferred about the next step?', NULL, NULL, 46, 'To communicate a practical business update, notice, or request.', 'To cancel all future operations without explanation.', 'To advertise a concert ticket package for tourists.', 'To replace every earlier document with a blank form.', 'A', 'Part 7 questions are answered by reading the purpose, details, audience, or implication of the document.'),
(1088, 37, 'mcq', 'Question 47: Why is a schedule, table, or note included?', NULL, NULL, 47, 'To communicate a practical business update, notice, or request.', 'To cancel all future operations without explanation.', 'To advertise a concert ticket package for tourists.', 'To replace every earlier document with a blank form.', 'A', 'Part 7 questions are answered by reading the purpose, details, audience, or implication of the document.'),
(1089, 37, 'mcq', 'Question 48: What is most likely true about the situation described?', NULL, NULL, 48, 'To communicate a practical business update, notice, or request.', 'To cancel all future operations without explanation.', 'To advertise a concert ticket package for tourists.', 'To replace every earlier document with a blank form.', 'A', 'Part 7 questions are answered by reading the purpose, details, audience, or implication of the document.'),
(1090, 37, 'mcq', 'Question 49: What is the main purpose of the reading material?', NULL, NULL, 49, 'To communicate a practical business update, notice, or request.', 'To cancel all future operations without explanation.', 'To advertise a concert ticket package for tourists.', 'To replace every earlier document with a blank form.', 'A', 'Part 7 questions are answered by reading the purpose, details, audience, or implication of the document.'),
(1091, 37, 'mcq', 'Question 50: Which detail is stated in the reading material?', NULL, NULL, 50, 'To communicate a practical business update, notice, or request.', 'To cancel all future operations without explanation.', 'To advertise a concert ticket package for tourists.', 'To replace every earlier document with a blank form.', 'A', 'Part 7 questions are answered by reading the purpose, details, audience, or implication of the document.'),
(1092, 37, 'mcq', 'Question 51: Who is the intended audience for the document?', NULL, NULL, 51, 'To communicate a practical business update, notice, or request.', 'To cancel all future operations without explanation.', 'To advertise a concert ticket package for tourists.', 'To replace every earlier document with a blank form.', 'A', 'Part 7 questions are answered by reading the purpose, details, audience, or implication of the document.'),
(1093, 37, 'mcq', 'Question 52: What can be inferred about the next step?', NULL, NULL, 52, 'To communicate a practical business update, notice, or request.', 'To cancel all future operations without explanation.', 'To advertise a concert ticket package for tourists.', 'To replace every earlier document with a blank form.', 'A', 'Part 7 questions are answered by reading the purpose, details, audience, or implication of the document.'),
(1094, 37, 'mcq', 'Question 53: Why is a schedule, table, or note included?', NULL, NULL, 53, 'To communicate a practical business update, notice, or request.', 'To cancel all future operations without explanation.', 'To advertise a concert ticket package for tourists.', 'To replace every earlier document with a blank form.', 'A', 'Part 7 questions are answered by reading the purpose, details, audience, or implication of the document.'),
(1095, 37, 'mcq', 'Question 54: What is most likely true about the situation described?', NULL, NULL, 54, 'To communicate a practical business update, notice, or request.', 'To cancel all future operations without explanation.', 'To advertise a concert ticket package for tourists.', 'To replace every earlier document with a blank form.', 'A', 'Part 7 questions are answered by reading the purpose, details, audience, or implication of the document.'),
(1096, 44, 'mcq', 'Question 1: What is the main purpose of the reading material?', NULL, NULL, 1, 'To communicate a practical business update, notice, or request.', 'To cancel all future operations without explanation.', 'To advertise a concert ticket package for tourists.', 'To replace every earlier document with a blank form.', 'A', 'Part 7 questions are answered by reading the purpose, details, audience, or implication of the document.'),
(1097, 44, 'mcq', 'Question 2: Which detail is stated in the reading material?', NULL, NULL, 2, 'To communicate a practical business update, notice, or request.', 'To cancel all future operations without explanation.', 'To advertise a concert ticket package for tourists.', 'To replace every earlier document with a blank form.', 'A', 'Part 7 questions are answered by reading the purpose, details, audience, or implication of the document.'),
(1098, 44, 'mcq', 'Question 3: Who is the intended audience for the document?', NULL, NULL, 3, 'To communicate a practical business update, notice, or request.', 'To cancel all future operations without explanation.', 'To advertise a concert ticket package for tourists.', 'To replace every earlier document with a blank form.', 'A', 'Part 7 questions are answered by reading the purpose, details, audience, or implication of the document.'),
(1099, 44, 'mcq', 'Question 4: What can be inferred about the next step?', NULL, NULL, 4, 'To communicate a practical business update, notice, or request.', 'To cancel all future operations without explanation.', 'To advertise a concert ticket package for tourists.', 'To replace every earlier document with a blank form.', 'A', 'Part 7 questions are answered by reading the purpose, details, audience, or implication of the document.'),
(1100, 44, 'mcq', 'Question 5: Why is a schedule, table, or note included?', NULL, NULL, 5, 'To communicate a practical business update, notice, or request.', 'To cancel all future operations without explanation.', 'To advertise a concert ticket package for tourists.', 'To replace every earlier document with a blank form.', 'A', 'Part 7 questions are answered by reading the purpose, details, audience, or implication of the document.'),
(1101, 44, 'mcq', 'Question 6: What is most likely true about the situation described?', NULL, NULL, 6, 'To communicate a practical business update, notice, or request.', 'To cancel all future operations without explanation.', 'To advertise a concert ticket package for tourists.', 'To replace every earlier document with a blank form.', 'A', 'Part 7 questions are answered by reading the purpose, details, audience, or implication of the document.'),
(1102, 44, 'mcq', 'Question 7: What is the main purpose of the reading material?', NULL, NULL, 7, 'To communicate a practical business update, notice, or request.', 'To cancel all future operations without explanation.', 'To advertise a concert ticket package for tourists.', 'To replace every earlier document with a blank form.', 'A', 'Part 7 questions are answered by reading the purpose, details, audience, or implication of the document.'),
(1103, 44, 'mcq', 'Question 8: Which detail is stated in the reading material?', NULL, NULL, 8, 'To communicate a practical business update, notice, or request.', 'To cancel all future operations without explanation.', 'To advertise a concert ticket package for tourists.', 'To replace every earlier document with a blank form.', 'A', 'Part 7 questions are answered by reading the purpose, details, audience, or implication of the document.'),
(1104, 44, 'mcq', 'Question 9: Who is the intended audience for the document?', NULL, NULL, 9, 'To communicate a practical business update, notice, or request.', 'To cancel all future operations without explanation.', 'To advertise a concert ticket package for tourists.', 'To replace every earlier document with a blank form.', 'A', 'Part 7 questions are answered by reading the purpose, details, audience, or implication of the document.'),
(1105, 44, 'mcq', 'Question 10: What can be inferred about the next step?', NULL, NULL, 10, 'To communicate a practical business update, notice, or request.', 'To cancel all future operations without explanation.', 'To advertise a concert ticket package for tourists.', 'To replace every earlier document with a blank form.', 'A', 'Part 7 questions are answered by reading the purpose, details, audience, or implication of the document.'),
(1106, 44, 'mcq', 'Question 11: Why is a schedule, table, or note included?', NULL, NULL, 11, 'To communicate a practical business update, notice, or request.', 'To cancel all future operations without explanation.', 'To advertise a concert ticket package for tourists.', 'To replace every earlier document with a blank form.', 'A', 'Part 7 questions are answered by reading the purpose, details, audience, or implication of the document.'),
(1107, 44, 'mcq', 'Question 12: What is most likely true about the situation described?', NULL, NULL, 12, 'To communicate a practical business update, notice, or request.', 'To cancel all future operations without explanation.', 'To advertise a concert ticket package for tourists.', 'To replace every earlier document with a blank form.', 'A', 'Part 7 questions are answered by reading the purpose, details, audience, or implication of the document.'),
(1108, 44, 'mcq', 'Question 13: What is the main purpose of the reading material?', NULL, NULL, 13, 'To communicate a practical business update, notice, or request.', 'To cancel all future operations without explanation.', 'To advertise a concert ticket package for tourists.', 'To replace every earlier document with a blank form.', 'A', 'Part 7 questions are answered by reading the purpose, details, audience, or implication of the document.'),
(1109, 44, 'mcq', 'Question 14: Which detail is stated in the reading material?', NULL, NULL, 14, 'To communicate a practical business update, notice, or request.', 'To cancel all future operations without explanation.', 'To advertise a concert ticket package for tourists.', 'To replace every earlier document with a blank form.', 'A', 'Part 7 questions are answered by reading the purpose, details, audience, or implication of the document.'),
(1110, 44, 'mcq', 'Question 15: Who is the intended audience for the document?', NULL, NULL, 15, 'To communicate a practical business update, notice, or request.', 'To cancel all future operations without explanation.', 'To advertise a concert ticket package for tourists.', 'To replace every earlier document with a blank form.', 'A', 'Part 7 questions are answered by reading the purpose, details, audience, or implication of the document.'),
(1111, 44, 'mcq', 'Question 16: What can be inferred about the next step?', NULL, NULL, 16, 'To communicate a practical business update, notice, or request.', 'To cancel all future operations without explanation.', 'To advertise a concert ticket package for tourists.', 'To replace every earlier document with a blank form.', 'A', 'Part 7 questions are answered by reading the purpose, details, audience, or implication of the document.'),
(1112, 44, 'mcq', 'Question 17: Why is a schedule, table, or note included?', NULL, NULL, 17, 'To communicate a practical business update, notice, or request.', 'To cancel all future operations without explanation.', 'To advertise a concert ticket package for tourists.', 'To replace every earlier document with a blank form.', 'A', 'Part 7 questions are answered by reading the purpose, details, audience, or implication of the document.'),
(1113, 44, 'mcq', 'Question 18: What is most likely true about the situation described?', NULL, NULL, 18, 'To communicate a practical business update, notice, or request.', 'To cancel all future operations without explanation.', 'To advertise a concert ticket package for tourists.', 'To replace every earlier document with a blank form.', 'A', 'Part 7 questions are answered by reading the purpose, details, audience, or implication of the document.'),
(1114, 44, 'mcq', 'Question 19: What is the main purpose of the reading material?', NULL, NULL, 19, 'To communicate a practical business update, notice, or request.', 'To cancel all future operations without explanation.', 'To advertise a concert ticket package for tourists.', 'To replace every earlier document with a blank form.', 'A', 'Part 7 questions are answered by reading the purpose, details, audience, or implication of the document.'),
(1115, 44, 'mcq', 'Question 20: Which detail is stated in the reading material?', NULL, NULL, 20, 'To communicate a practical business update, notice, or request.', 'To cancel all future operations without explanation.', 'To advertise a concert ticket package for tourists.', 'To replace every earlier document with a blank form.', 'A', 'Part 7 questions are answered by reading the purpose, details, audience, or implication of the document.'),
(1116, 44, 'mcq', 'Question 21: Who is the intended audience for the document?', NULL, NULL, 21, 'To communicate a practical business update, notice, or request.', 'To cancel all future operations without explanation.', 'To advertise a concert ticket package for tourists.', 'To replace every earlier document with a blank form.', 'A', 'Part 7 questions are answered by reading the purpose, details, audience, or implication of the document.'),
(1117, 44, 'mcq', 'Question 22: What can be inferred about the next step?', NULL, NULL, 22, 'To communicate a practical business update, notice, or request.', 'To cancel all future operations without explanation.', 'To advertise a concert ticket package for tourists.', 'To replace every earlier document with a blank form.', 'A', 'Part 7 questions are answered by reading the purpose, details, audience, or implication of the document.'),
(1118, 44, 'mcq', 'Question 23: Why is a schedule, table, or note included?', NULL, NULL, 23, 'To communicate a practical business update, notice, or request.', 'To cancel all future operations without explanation.', 'To advertise a concert ticket package for tourists.', 'To replace every earlier document with a blank form.', 'A', 'Part 7 questions are answered by reading the purpose, details, audience, or implication of the document.'),
(1119, 44, 'mcq', 'Question 24: What is most likely true about the situation described?', NULL, NULL, 24, 'To communicate a practical business update, notice, or request.', 'To cancel all future operations without explanation.', 'To advertise a concert ticket package for tourists.', 'To replace every earlier document with a blank form.', 'A', 'Part 7 questions are answered by reading the purpose, details, audience, or implication of the document.'),
(1120, 44, 'mcq', 'Question 25: What is the main purpose of the reading material?', NULL, NULL, 25, 'To communicate a practical business update, notice, or request.', 'To cancel all future operations without explanation.', 'To advertise a concert ticket package for tourists.', 'To replace every earlier document with a blank form.', 'A', 'Part 7 questions are answered by reading the purpose, details, audience, or implication of the document.'),
(1121, 44, 'mcq', 'Question 26: Which detail is stated in the reading material?', NULL, NULL, 26, 'To communicate a practical business update, notice, or request.', 'To cancel all future operations without explanation.', 'To advertise a concert ticket package for tourists.', 'To replace every earlier document with a blank form.', 'A', 'Part 7 questions are answered by reading the purpose, details, audience, or implication of the document.'),
(1122, 44, 'mcq', 'Question 27: Who is the intended audience for the document?', NULL, NULL, 27, 'To communicate a practical business update, notice, or request.', 'To cancel all future operations without explanation.', 'To advertise a concert ticket package for tourists.', 'To replace every earlier document with a blank form.', 'A', 'Part 7 questions are answered by reading the purpose, details, audience, or implication of the document.'),
(1123, 44, 'mcq', 'Question 28: What can be inferred about the next step?', NULL, NULL, 28, 'To communicate a practical business update, notice, or request.', 'To cancel all future operations without explanation.', 'To advertise a concert ticket package for tourists.', 'To replace every earlier document with a blank form.', 'A', 'Part 7 questions are answered by reading the purpose, details, audience, or implication of the document.'),
(1124, 44, 'mcq', 'Question 29: Why is a schedule, table, or note included?', NULL, NULL, 29, 'To communicate a practical business update, notice, or request.', 'To cancel all future operations without explanation.', 'To advertise a concert ticket package for tourists.', 'To replace every earlier document with a blank form.', 'A', 'Part 7 questions are answered by reading the purpose, details, audience, or implication of the document.'),
(1125, 44, 'mcq', 'Question 30: What is most likely true about the situation described?', NULL, NULL, 30, 'To communicate a practical business update, notice, or request.', 'To cancel all future operations without explanation.', 'To advertise a concert ticket package for tourists.', 'To replace every earlier document with a blank form.', 'A', 'Part 7 questions are answered by reading the purpose, details, audience, or implication of the document.'),
(1126, 44, 'mcq', 'Question 31: What is the main purpose of the reading material?', NULL, NULL, 31, 'To communicate a practical business update, notice, or request.', 'To cancel all future operations without explanation.', 'To advertise a concert ticket package for tourists.', 'To replace every earlier document with a blank form.', 'A', 'Part 7 questions are answered by reading the purpose, details, audience, or implication of the document.'),
(1127, 44, 'mcq', 'Question 32: Which detail is stated in the reading material?', NULL, NULL, 32, 'To communicate a practical business update, notice, or request.', 'To cancel all future operations without explanation.', 'To advertise a concert ticket package for tourists.', 'To replace every earlier document with a blank form.', 'A', 'Part 7 questions are answered by reading the purpose, details, audience, or implication of the document.'),
(1128, 44, 'mcq', 'Question 33: Who is the intended audience for the document?', NULL, NULL, 33, 'To communicate a practical business update, notice, or request.', 'To cancel all future operations without explanation.', 'To advertise a concert ticket package for tourists.', 'To replace every earlier document with a blank form.', 'A', 'Part 7 questions are answered by reading the purpose, details, audience, or implication of the document.'),
(1129, 44, 'mcq', 'Question 34: What can be inferred about the next step?', NULL, NULL, 34, 'To communicate a practical business update, notice, or request.', 'To cancel all future operations without explanation.', 'To advertise a concert ticket package for tourists.', 'To replace every earlier document with a blank form.', 'A', 'Part 7 questions are answered by reading the purpose, details, audience, or implication of the document.'),
(1130, 44, 'mcq', 'Question 35: Why is a schedule, table, or note included?', NULL, NULL, 35, 'To communicate a practical business update, notice, or request.', 'To cancel all future operations without explanation.', 'To advertise a concert ticket package for tourists.', 'To replace every earlier document with a blank form.', 'A', 'Part 7 questions are answered by reading the purpose, details, audience, or implication of the document.'),
(1131, 44, 'mcq', 'Question 36: What is most likely true about the situation described?', NULL, NULL, 36, 'To communicate a practical business update, notice, or request.', 'To cancel all future operations without explanation.', 'To advertise a concert ticket package for tourists.', 'To replace every earlier document with a blank form.', 'A', 'Part 7 questions are answered by reading the purpose, details, audience, or implication of the document.'),
(1132, 44, 'mcq', 'Question 37: What is the main purpose of the reading material?', NULL, NULL, 37, 'To communicate a practical business update, notice, or request.', 'To cancel all future operations without explanation.', 'To advertise a concert ticket package for tourists.', 'To replace every earlier document with a blank form.', 'A', 'Part 7 questions are answered by reading the purpose, details, audience, or implication of the document.'),
(1133, 44, 'mcq', 'Question 38: Which detail is stated in the reading material?', NULL, NULL, 38, 'To communicate a practical business update, notice, or request.', 'To cancel all future operations without explanation.', 'To advertise a concert ticket package for tourists.', 'To replace every earlier document with a blank form.', 'A', 'Part 7 questions are answered by reading the purpose, details, audience, or implication of the document.'),
(1134, 44, 'mcq', 'Question 39: Who is the intended audience for the document?', NULL, NULL, 39, 'To communicate a practical business update, notice, or request.', 'To cancel all future operations without explanation.', 'To advertise a concert ticket package for tourists.', 'To replace every earlier document with a blank form.', 'A', 'Part 7 questions are answered by reading the purpose, details, audience, or implication of the document.'),
(1135, 44, 'mcq', 'Question 40: What can be inferred about the next step?', NULL, NULL, 40, 'To communicate a practical business update, notice, or request.', 'To cancel all future operations without explanation.', 'To advertise a concert ticket package for tourists.', 'To replace every earlier document with a blank form.', 'A', 'Part 7 questions are answered by reading the purpose, details, audience, or implication of the document.'),
(1136, 44, 'mcq', 'Question 41: Why is a schedule, table, or note included?', NULL, NULL, 41, 'To communicate a practical business update, notice, or request.', 'To cancel all future operations without explanation.', 'To advertise a concert ticket package for tourists.', 'To replace every earlier document with a blank form.', 'A', 'Part 7 questions are answered by reading the purpose, details, audience, or implication of the document.'),
(1137, 44, 'mcq', 'Question 42: What is most likely true about the situation described?', NULL, NULL, 42, 'To communicate a practical business update, notice, or request.', 'To cancel all future operations without explanation.', 'To advertise a concert ticket package for tourists.', 'To replace every earlier document with a blank form.', 'A', 'Part 7 questions are answered by reading the purpose, details, audience, or implication of the document.'),
(1138, 44, 'mcq', 'Question 43: What is the main purpose of the reading material?', NULL, NULL, 43, 'To communicate a practical business update, notice, or request.', 'To cancel all future operations without explanation.', 'To advertise a concert ticket package for tourists.', 'To replace every earlier document with a blank form.', 'A', 'Part 7 questions are answered by reading the purpose, details, audience, or implication of the document.'),
(1139, 44, 'mcq', 'Question 44: Which detail is stated in the reading material?', NULL, NULL, 44, 'To communicate a practical business update, notice, or request.', 'To cancel all future operations without explanation.', 'To advertise a concert ticket package for tourists.', 'To replace every earlier document with a blank form.', 'A', 'Part 7 questions are answered by reading the purpose, details, audience, or implication of the document.'),
(1140, 44, 'mcq', 'Question 45: Who is the intended audience for the document?', NULL, NULL, 45, 'To communicate a practical business update, notice, or request.', 'To cancel all future operations without explanation.', 'To advertise a concert ticket package for tourists.', 'To replace every earlier document with a blank form.', 'A', 'Part 7 questions are answered by reading the purpose, details, audience, or implication of the document.'),
(1141, 44, 'mcq', 'Question 46: What can be inferred about the next step?', NULL, NULL, 46, 'To communicate a practical business update, notice, or request.', 'To cancel all future operations without explanation.', 'To advertise a concert ticket package for tourists.', 'To replace every earlier document with a blank form.', 'A', 'Part 7 questions are answered by reading the purpose, details, audience, or implication of the document.'),
(1142, 44, 'mcq', 'Question 47: Why is a schedule, table, or note included?', NULL, NULL, 47, 'To communicate a practical business update, notice, or request.', 'To cancel all future operations without explanation.', 'To advertise a concert ticket package for tourists.', 'To replace every earlier document with a blank form.', 'A', 'Part 7 questions are answered by reading the purpose, details, audience, or implication of the document.'),
(1143, 44, 'mcq', 'Question 48: What is most likely true about the situation described?', NULL, NULL, 48, 'To communicate a practical business update, notice, or request.', 'To cancel all future operations without explanation.', 'To advertise a concert ticket package for tourists.', 'To replace every earlier document with a blank form.', 'A', 'Part 7 questions are answered by reading the purpose, details, audience, or implication of the document.'),
(1144, 44, 'mcq', 'Question 49: What is the main purpose of the reading material?', NULL, NULL, 49, 'To communicate a practical business update, notice, or request.', 'To cancel all future operations without explanation.', 'To advertise a concert ticket package for tourists.', 'To replace every earlier document with a blank form.', 'A', 'Part 7 questions are answered by reading the purpose, details, audience, or implication of the document.'),
(1145, 44, 'mcq', 'Question 50: Which detail is stated in the reading material?', NULL, NULL, 50, 'To communicate a practical business update, notice, or request.', 'To cancel all future operations without explanation.', 'To advertise a concert ticket package for tourists.', 'To replace every earlier document with a blank form.', 'A', 'Part 7 questions are answered by reading the purpose, details, audience, or implication of the document.'),
(1146, 44, 'mcq', 'Question 51: Who is the intended audience for the document?', NULL, NULL, 51, 'To communicate a practical business update, notice, or request.', 'To cancel all future operations without explanation.', 'To advertise a concert ticket package for tourists.', 'To replace every earlier document with a blank form.', 'A', 'Part 7 questions are answered by reading the purpose, details, audience, or implication of the document.'),
(1147, 44, 'mcq', 'Question 52: What can be inferred about the next step?', NULL, NULL, 52, 'To communicate a practical business update, notice, or request.', 'To cancel all future operations without explanation.', 'To advertise a concert ticket package for tourists.', 'To replace every earlier document with a blank form.', 'A', 'Part 7 questions are answered by reading the purpose, details, audience, or implication of the document.'),
(1148, 44, 'mcq', 'Question 53: Why is a schedule, table, or note included?', NULL, NULL, 53, 'To communicate a practical business update, notice, or request.', 'To cancel all future operations without explanation.', 'To advertise a concert ticket package for tourists.', 'To replace every earlier document with a blank form.', 'A', 'Part 7 questions are answered by reading the purpose, details, audience, or implication of the document.'),
(1149, 44, 'mcq', 'Question 54: What is most likely true about the situation described?', NULL, NULL, 54, 'To communicate a practical business update, notice, or request.', 'To cancel all future operations without explanation.', 'To advertise a concert ticket package for tourists.', 'To replace every earlier document with a blank form.', 'A', 'Part 7 questions are answered by reading the purpose, details, audience, or implication of the document.');

-- --------------------------------------------------------

--
-- Cấu trúc bảng cho bảng `question_groups`
--

DROP TABLE IF EXISTS `question_groups`;
CREATE TABLE IF NOT EXISTS `question_groups` (
  `group_id` int NOT NULL AUTO_INCREMENT,
  `quiz_id` int DEFAULT NULL,
  `assign_id` int DEFAULT NULL,
  `title` varchar(255) COLLATE utf8mb4_general_ci DEFAULT NULL,
  `passage_text` longtext COLLATE utf8mb4_general_ci,
  `image_url` varchar(255) COLLATE utf8mb4_general_ci DEFAULT NULL,
  `audio_url` varchar(255) COLLATE utf8mb4_general_ci DEFAULT NULL,
  `instructions` text COLLATE utf8mb4_general_ci,
  `order_num` int DEFAULT '1',
  `mock_test_id` int DEFAULT NULL,
  PRIMARY KEY (`group_id`),
  KEY `QuizID` (`quiz_id`),
  KEY `fk_question_groups_assignment` (`assign_id`),
  KEY `fk_question_groups_mock_test` (`mock_test_id`)
) ENGINE=InnoDB AUTO_INCREMENT=51 DEFAULT CHARSET=utf8mb4 COLLATE=utf8mb4_general_ci;

--
-- Đang đổ dữ liệu cho bảng `question_groups`
--

INSERT INTO `question_groups` (`group_id`, `quiz_id`, `assign_id`, `title`, `passage_text`, `image_url`, `audio_url`, `instructions`, `order_num`, `mock_test_id`) VALUES
(1, 1, NULL, 'Listening Section 1', NULL, NULL, NULL, 'Section 1: orientation desk conversation and room changes.', 1, NULL),
(2, 1, NULL, 'Listening Section 2', NULL, NULL, NULL, 'Section 2: volunteer fair registration details.', 2, NULL),
(3, 1, NULL, 'Listening Section 3', NULL, NULL, NULL, 'Section 3: library workshop advice for new researchers.', 3, NULL),
(4, 1, NULL, 'Listening Section 4', NULL, NULL, NULL, 'Section 4: museum lecture about rivers and urban planning.', 4, NULL),
(5, 2, NULL, 'Reading Passage 1', 'A group of public schools in Singapore turned unused rooftops into gardens where students grow vegetables, measure rainfall, and record insect activity. Teachers reported that practical observation improved participation in science lessons and created more teamwork across grades.', NULL, NULL, 'Passage 1: read the article and answer questions 1 to 13.', 1, NULL),
(6, 2, NULL, 'Reading Passage 2', 'A medium-sized city expanded its protected bike lane network over five years. The project included new lighting, better road markings, and discount parking for bicycles near transit stations. Researchers tracked changes in daily commuting habits and retail activity near the routes.', NULL, NULL, 'Passage 2: focus on purpose, evidence, and implication.', 2, NULL),
(7, 2, NULL, 'Reading Passage 3', 'Marine biologists in Indonesia tested low-cost coral frames made from recycled metal and local stone. The project compared coral growth, fish return, and volunteer maintenance across several coastal villages. The results showed that community monitoring mattered as much as the material used.', NULL, NULL, 'Passage 3: identify the writer view, details, and conclusions.', 3, NULL),
(8, 3, NULL, 'Writing Task 2', 'Some city governments are considering strict limits on private cars in downtown areas.', NULL, NULL, 'Write an essay discussing whether this is a positive or negative development.', 1, NULL),
(9, 4, NULL, 'Part 5 - Incomplete Sentences', NULL, NULL, NULL, 'Choose the option that best completes each business sentence.', 1, NULL),
(10, 5, NULL, 'Reading Set 1', 'Email from workshop coordinator Maya Tran confirming a writing workshop schedule, room change, and material checklist for participants.', NULL, NULL, 'Questions 1 to 6 refer to the email from the workshop coordinator.', 1, NULL),
(11, 5, NULL, 'Reading Set 2', 'Hotel notice explaining breakfast hours, luggage storage limits, and maintenance work on the elevator during one weekend.', NULL, NULL, 'Questions 7 to 12 refer to the hotel notice.', 2, NULL),
(12, 5, NULL, 'Reading Set 3', 'Memo from a shipping team about delayed containers, revised delivery dates, and customer updates that must be sent before noon.', NULL, NULL, 'Questions 13 to 18 refer to the internal shipping memo.', 3, NULL),
(13, 5, NULL, 'Reading Set 4', 'Staff schedule for a retail branch showing revised shifts, a stock count session, and weekend cashier coverage.', NULL, NULL, 'Questions 19 to 24 refer to the staff schedule.', 4, NULL),
(14, 5, NULL, 'Reading Set 5', 'Summary of a customer satisfaction survey comparing waiting time, service attitude, and digital payment experience across three stores.', NULL, NULL, 'Questions 25 to 30 refer to the survey summary.', 5, NULL),
(15, 5, NULL, 'Reading Set 6', 'Product brochure for a compact printer aimed at small offices, highlighting wireless setup, toner savings, and service support.', NULL, NULL, 'Questions 31 to 36 refer to the product brochure.', 6, NULL),
(16, 5, NULL, 'Reading Set 7', 'Email chain about an invoice follow-up, missing line items, and the revised payment deadline after the supplier corrected the document.', NULL, NULL, 'Questions 37 to 42 refer to the invoice follow-up email chain.', 7, NULL),
(17, 5, NULL, 'Reading Set 8', 'Travel itinerary for a regional sales trip that includes a flight change, hotel confirmation, and a note about client meeting times.', NULL, NULL, 'Questions 43 to 48 refer to the travel itinerary.', 8, NULL),
(18, 5, NULL, 'Reading Set 9', 'Community event announcement for a weekend street market with vendor setup rules, a rain backup plan, and social media promotion tasks.', NULL, NULL, 'Questions 49 to 54 refer to the event announcement.', 9, NULL),
(19, NULL, NULL, 'Listening', NULL, NULL, NULL, 'Full test listening section: notes, directions, class discussions, and a short lecture.', 1, 1),
(20, NULL, NULL, 'Reading Passage 1', 'Several school districts tested free breakfast programs before the first lesson. Attendance improved modestly, but the largest gains were seen among students who previously arrived late or skipped morning classes. Administrators later studied how queue design and menu variety changed participation.', NULL, NULL, 'Questions 41 to 53 refer to Reading Passage 1.', 2, 1),
(21, NULL, NULL, 'Reading Passage 2', 'Urban planners compared small neighborhood parks with large destination parks in terms of walking distance, family use, and long-term maintenance costs. The report found that frequent, short visits often mattered more than the total size of the site.', NULL, NULL, 'Questions 54 to 66 refer to Reading Passage 2.', 3, 1),
(22, NULL, NULL, 'Reading Passage 3', 'A water reuse project supplied treated greywater to public gardens and industrial cooling systems. Engineers had to explain safety standards clearly because residents were unsure how the system worked. Trust improved when usage data was published every month.', NULL, NULL, 'Questions 67 to 80 refer to Reading Passage 3.', 4, 1),
(23, NULL, NULL, 'Writing Task 1', 'The chart shows how employees in Metro City traveled to work in 2018 and 2025, comparing private cars, buses, bicycles, and rail.', NULL, NULL, 'Summarize the main features and make comparisons where relevant.', 5, 1),
(24, NULL, NULL, 'Writing Task 2', 'Some people believe governments should invest more in public transport than in new roads for private vehicles.', NULL, NULL, 'Discuss both views and give your own opinion.', 6, 1),
(25, NULL, NULL, 'Listening', NULL, NULL, NULL, 'Full test listening section: health campaign notes, student planning, interview advice, and an environmental lecture.', 1, 2),
(26, NULL, NULL, 'Reading Passage 1', 'Sleep researchers studied students who switched from late-night revision to shorter but regular review sessions. The project measured memory retention, mood, and error rates in timed reading tasks. The results challenged the idea that long study hours are always more effective.', NULL, NULL, 'Questions 41 to 53 refer to Reading Passage 1.', 2, 2),
(27, NULL, NULL, 'Reading Passage 2', 'One coastal town reduced single-use plastic by changing market rules, supporting refill shops, and training vendors to explain the changes to tourists. Early resistance softened after shop owners saw that customers adapted quickly when alternatives were clearly displayed.', NULL, NULL, 'Questions 54 to 66 refer to Reading Passage 2.', 3, 2),
(28, NULL, NULL, 'Reading Passage 3', 'Museum educators redesigned exhibits so visitors could compare objects, test small ideas, and leave short reflections. Attendance did not rise sharply at first, but repeat visits increased because families felt they could explore the displays at different levels.', NULL, NULL, 'Questions 67 to 80 refer to Reading Passage 3.', 4, 2),
(29, NULL, NULL, 'Writing Task 1', 'The graph compares weekly library visits by teenagers, university students, adults, and retired residents between 2019 and 2024.', NULL, NULL, 'Summarize the information by selecting and reporting the main features.', 5, 2),
(30, NULL, NULL, 'Writing Task 2', 'Many companies now allow staff to work from home several days each week.', NULL, NULL, 'Do the advantages of this arrangement outweigh the disadvantages?', 6, 2),
(31, NULL, NULL, 'Part 1 - Photographs', NULL, NULL, NULL, 'Look at each photograph and choose the best description.', 1, 3),
(32, NULL, NULL, 'Part 2 - Question Response', NULL, NULL, NULL, 'Listen to the question and choose the best response.', 2, 3),
(33, NULL, NULL, 'Part 3 - Conversations', NULL, NULL, NULL, 'Each short business conversation is followed by three questions.', 3, 3),
(34, NULL, NULL, 'Part 4 - Short Talks', NULL, NULL, NULL, 'Each short talk is followed by three questions.', 4, 3),
(35, NULL, NULL, 'Part 5 - Incomplete Sentences', NULL, NULL, NULL, 'Select the best word or phrase to complete each sentence.', 5, 3),
(36, NULL, NULL, 'Part 6 - Text Completion', 'An internal company newsletter draft discusses a delayed software rollout, a revised support schedule, and several training sessions for staff in different branches.', NULL, NULL, 'Choose the best option to complete each blank in the text set.', 6, 3),
(37, NULL, NULL, 'Part 7 - Reading Comprehension', 'This full reading section includes notices, email chains, reports, schedules, and short product information for operational teams.', NULL, NULL, 'Read the documents and answer the questions that follow.', 7, 3),
(38, NULL, NULL, 'Part 1 - Photographs', NULL, NULL, NULL, 'Look at each photograph and choose the best description.', 1, 4),
(39, NULL, NULL, 'Part 2 - Question Response', NULL, NULL, NULL, 'Listen to the question and choose the best response.', 2, 4),
(40, NULL, NULL, 'Part 3 - Conversations', NULL, NULL, NULL, 'Each project conversation is followed by three questions.', 3, 4),
(41, NULL, NULL, 'Part 4 - Short Talks', NULL, NULL, NULL, 'Each training talk is followed by three questions.', 4, 4),
(42, NULL, NULL, 'Part 5 - Incomplete Sentences', NULL, NULL, NULL, 'Select the best word or phrase to complete each sentence.', 5, 4),
(43, NULL, NULL, 'Part 6 - Text Completion', 'A policy update for branch managers explains a new visitor sign-in process, revised equipment booking rules, and where to send monthly compliance reports.', NULL, NULL, 'Choose the best option to complete each blank in the text set.', 6, 4),
(44, NULL, NULL, 'Part 7 - Reading Comprehension', 'This reading section features procurement emails, event notices, policy reminders, travel forms, and a customer satisfaction report.', NULL, NULL, 'Read the documents and answer the questions that follow.', 7, 4),
(45, NULL, NULL, 'Listening', NULL, NULL, NULL, 'Weekend simulation listening section with practical notes, campus services, and a short lecture.', 1, 5),
(46, NULL, NULL, 'Reading Passage 1', 'A cycling-friendly city introduced smaller interventions such as protected junctions, neighborhood maps, and school safety campaigns before funding large infrastructure projects. Transport researchers were interested in whether modest changes could still shift daily habits.', NULL, NULL, 'Questions 41 to 53 refer to Reading Passage 1.', 2, 5),
(47, NULL, NULL, 'Reading Passage 2', 'Wetland restoration near a crowded suburb improved flood control and also created new walking routes for residents. Local volunteers helped remove invasive plants, monitor bird activity, and explain the project to visitors during the rainy season.', NULL, NULL, 'Questions 54 to 66 refer to Reading Passage 2.', 3, 5),
(48, NULL, NULL, 'Reading Passage 3', 'Food historians examined how railway expansion changed eating habits in different regions, especially which goods became common in urban markets and how menus adapted to faster travel times. They argued that transport history shaped more than trade alone.', NULL, NULL, 'Questions 67 to 80 refer to Reading Passage 3.', 4, 5),
(49, NULL, NULL, 'Writing Task 1', 'The bar chart compares household energy use for lighting, cooling, cooking, and devices in 2015 and 2025.', NULL, NULL, 'Summarize the key trends and compare the two years.', 5, 5),
(50, NULL, NULL, 'Writing Task 2', 'Many people think that children spend too much time looking at screens and not enough time doing outdoor activities.', NULL, NULL, 'To what extent do you agree or disagree?', 6, 5);

--
-- Bẫy `question_groups`
--
DROP TRIGGER IF EXISTS `trg_question_groups_single_owner_insert`;
DELIMITER $$
CREATE TRIGGER `trg_question_groups_single_owner_insert` BEFORE INSERT ON `question_groups` FOR EACH ROW BEGIN
  IF (
    (CASE WHEN NEW.`assign_id` IS NOT NULL THEN 1 ELSE 0 END) +
    (CASE WHEN NEW.`quiz_id` IS NOT NULL THEN 1 ELSE 0 END) +
    (CASE WHEN NEW.`mock_test_id` IS NOT NULL THEN 1 ELSE 0 END)
  ) <> 1 THEN
    SIGNAL SQLSTATE '45000'
      SET MESSAGE_TEXT = 'question_groups phai thuoc dung 1 owner: assignment, quiz hoac mock_test';
  END IF;
END
$$
DELIMITER ;
DROP TRIGGER IF EXISTS `trg_question_groups_single_owner_update`;
DELIMITER $$
CREATE TRIGGER `trg_question_groups_single_owner_update` BEFORE UPDATE ON `question_groups` FOR EACH ROW BEGIN
  IF (
    (CASE WHEN NEW.`assign_id` IS NOT NULL THEN 1 ELSE 0 END) +
    (CASE WHEN NEW.`quiz_id` IS NOT NULL THEN 1 ELSE 0 END) +
    (CASE WHEN NEW.`mock_test_id` IS NOT NULL THEN 1 ELSE 0 END)
  ) <> 1 THEN
    SIGNAL SQLSTATE '45000'
      SET MESSAGE_TEXT = 'question_groups phai thuoc dung 1 owner: assignment, quiz hoac mock_test';
  END IF;
END
$$
DELIMITER ;

-- --------------------------------------------------------

--
-- Cấu trúc bảng cho bảng `quizzes`
--

DROP TABLE IF EXISTS `quizzes`;
CREATE TABLE IF NOT EXISTS `quizzes` (
  `quiz_id` int NOT NULL AUTO_INCREMENT,
  `title` varchar(150) CHARACTER SET utf8mb4 COLLATE utf8mb4_general_ci DEFAULT NULL,
  `quiz_type` varchar(50) COLLATE utf8mb4_general_ci DEFAULT NULL,
  `exam_type` varchar(50) COLLATE utf8mb4_general_ci DEFAULT NULL,
  `exam_part` varchar(50) COLLATE utf8mb4_general_ci DEFAULT NULL,
  `passage_text` longtext COLLATE utf8mb4_general_ci,
  `audio_url` varchar(255) COLLATE utf8mb4_general_ci DEFAULT NULL,
  `instructions` text COLLATE utf8mb4_general_ci,
  `time_limit` int DEFAULT NULL,
  PRIMARY KEY (`quiz_id`)
) ENGINE=InnoDB AUTO_INCREMENT=6 DEFAULT CHARSET=utf8mb4 COLLATE=utf8mb4_general_ci;

--
-- Đang đổ dữ liệu cho bảng `quizzes`
--

INSERT INTO `quizzes` (`quiz_id`, `title`, `quiz_type`, `exam_type`, `exam_part`, `passage_text`, `audio_url`, `instructions`, `time_limit`) VALUES
(1, 'IELTS Listening Check - Orientation Week', 'mcq', 'IELTS', 'Listening', NULL, NULL, 'Listen to each section carefully and choose the best answer. Questions move from practical details to short academic information.', 30),
(2, 'IELTS Reading Practice - Community and Environment', 'mcq', 'IELTS', 'Reading', NULL, NULL, 'Read the three passages and answer all forty questions. Pay attention to paraphrase and inference.', 60),
(3, 'IELTS Writing Task 2 - Urban Policy Essay', 'writing', 'IELTS', 'Writing_Task2', NULL, NULL, 'Write at least 250 words. Present a clear position and support it with specific reasons or examples.', 40),
(4, 'TOEIC Part 5 Review - Office Grammar and Vocabulary', 'mcq', 'TOEIC', 'Part5', NULL, NULL, 'Choose the best answer to complete each sentence in a business or office context.', 20),
(5, 'TOEIC Part 7 Reading Sets - Workplace Communication', 'mcq', 'TOEIC', 'Part7', NULL, NULL, 'Read each text set and answer the questions that follow. Use both explicit details and implied meaning.', 55);

-- --------------------------------------------------------

--
-- Cấu trúc bảng cho bảng `quiz_classes`
--

DROP TABLE IF EXISTS `quiz_classes`;
CREATE TABLE IF NOT EXISTS `quiz_classes` (
  `quiz_class_id` int NOT NULL AUTO_INCREMENT,
  `quiz_id` int NOT NULL,
  `class_id` int NOT NULL,
  `created_at` datetime DEFAULT CURRENT_TIMESTAMP,
  PRIMARY KEY (`quiz_class_id`),
  UNIQUE KEY `uq_quiz_classes_quiz_class` (`quiz_id`,`class_id`),
  KEY `idx_quiz_classes_class` (`class_id`)
) ENGINE=InnoDB AUTO_INCREMENT=10 DEFAULT CHARSET=utf8mb4 COLLATE=utf8mb4_general_ci;

--
-- Đang đổ dữ liệu cho bảng `quiz_classes`
--

INSERT INTO `quiz_classes` (`quiz_class_id`, `quiz_id`, `class_id`, `created_at`) VALUES
(1, 1, 1, '2026-07-12 08:00:00'),
(2, 1, 2, '2026-07-12 08:00:00'),
(3, 2, 21, '2026-07-13 08:00:00'),
(4, 2, 24, '2026-07-13 08:00:00'),
(5, 3, 5, '2026-07-14 08:00:00'),
(6, 3, 23, '2026-07-14 08:00:00'),
(7, 4, 22, '2026-07-15 08:00:00'),
(8, 5, 15, '2026-07-16 08:00:00'),
(9, 5, 16, '2026-07-16 08:00:00');

-- --------------------------------------------------------

--
-- Cấu trúc bảng cho bảng `quiz_submissions`
--

DROP TABLE IF EXISTS `quiz_submissions`;
CREATE TABLE IF NOT EXISTS `quiz_submissions` (
  `quiz_submission_id` int NOT NULL AUTO_INCREMENT,
  `quiz_id` int DEFAULT NULL,
  `user_id` int DEFAULT NULL,
  `answers_json` longtext COLLATE utf8mb4_general_ci,
  `score` float DEFAULT NULL,
  `duration` int DEFAULT NULL,
  `submitted_at` datetime DEFAULT NULL,
  PRIMARY KEY (`quiz_submission_id`),
  KEY `fk_quiz_submissions_user` (`user_id`),
  KEY `fk_quiz_submissions_quiz` (`quiz_id`)
) ENGINE=InnoDB AUTO_INCREMENT=6 DEFAULT CHARSET=utf8mb4 COLLATE=utf8mb4_general_ci;

--
-- Đang đổ dữ liệu cho bảng `quiz_submissions`
--

INSERT INTO `quiz_submissions` (`quiz_submission_id`, `quiz_id`, `user_id`, `answers_json`, `score`, `duration`, `submitted_at`) VALUES
(1, 1, 1, '{\"1\": \"A\", \"2\": \"B\", \"3\": \"C\", \"4\": \"D\", \"5\": \"A\", \"6\": \"C\", \"7\": \"C\", \"8\": \"D\", \"9\": \"A\", \"10\": \"B\", \"11\": \"A\", \"12\": \"B\", \"13\": \"C\", \"14\": \"D\", \"15\": \"A\", \"16\": \"C\", \"17\": \"C\", \"18\": \"D\", \"19\": \"A\", \"20\": \"B\", \"21\": \"A\", \"22\": \"B\", \"23\": \"C\", \"24\": \"D\", \"25\": \"A\", \"26\": \"C\", \"27\": \"C\", \"28\": \"D\", \"29\": \"A\", \"30\": \"B\", \"31\": \"A\", \"32\": \"B\", \"33\": \"C\", \"34\": \"D\", \"35\": \"A\", \"36\": \"C\", \"37\": \"C\", \"38\": \"D\", \"39\": \"A\", \"40\": \"B\"}', 90, 1680, '2026-07-18 20:15:00'),
(2, 2, 1, '{\"256\": \"B\", \"257\": \"B\", \"258\": \"B\", \"259\": \"B\", \"260\": \"A\", \"261\": \"B\", \"262\": \"B\", \"263\": \"B\", \"264\": \"B\", \"265\": \"A\", \"266\": \"B\", \"267\": \"B\", \"268\": \"B\", \"269\": \"B\", \"270\": \"B\", \"271\": \"B\", \"272\": \"B\", \"273\": \"A\", \"274\": \"B\", \"275\": \"B\", \"276\": \"B\", \"277\": \"B\", \"278\": \"A\", \"279\": \"B\", \"280\": \"B\", \"281\": \"B\", \"282\": \"B\", \"283\": \"B\", \"284\": \"B\", \"285\": \"B\", \"286\": \"A\", \"287\": \"B\", \"288\": \"B\", \"289\": \"B\", \"290\": \"B\", \"291\": \"A\", \"292\": \"B\", \"293\": \"B\", \"294\": \"B\", \"295\": \"B\"}', 85, 2810, '2026-07-26 09:20:00'),
(3, 5, 1, '{\"648\": \"B\", \"649\": \"B\", \"650\": \"B\", \"651\": \"B\", \"652\": \"B\", \"653\": \"B\", \"654\": \"B\", \"655\": \"B\", \"656\": \"B\", \"657\": \"B\", \"658\": \"B\", \"659\": \"B\", \"660\": \"B\", \"661\": \"B\", \"662\": \"B\", \"663\": \"B\", \"664\": \"B\", \"665\": \"B\", \"666\": \"B\", \"667\": \"B\", \"668\": \"B\", \"669\": \"B\", \"670\": \"B\", \"671\": \"B\", \"672\": \"B\", \"673\": \"B\", \"674\": \"B\", \"675\": \"B\", \"676\": \"B\", \"677\": \"B\", \"678\": \"B\", \"679\": \"B\", \"680\": \"B\", \"681\": \"B\", \"682\": \"B\", \"683\": \"B\", \"684\": \"B\", \"685\": \"B\", \"686\": \"B\", \"687\": \"B\", \"688\": \"B\", \"689\": \"B\", \"690\": \"B\", \"691\": \"B\", \"692\": \"B\", \"693\": \"B\", \"694\": \"B\", \"695\": \"B\", \"696\": \"B\", \"697\": \"B\", \"698\": \"B\", \"699\": \"B\", \"700\": \"B\", \"701\": \"B\"}', 100, 3195, '2026-04-22 10:10:00'),
(4, 1, 9, '{\"1\": \"A\", \"2\": \"B\", \"3\": \"C\", \"4\": \"A\", \"5\": \"A\", \"6\": \"B\", \"7\": \"C\", \"8\": \"A\", \"9\": \"A\", \"10\": \"B\", \"11\": \"A\", \"12\": \"B\", \"13\": \"C\", \"14\": \"A\", \"15\": \"A\", \"16\": \"B\", \"17\": \"C\", \"18\": \"A\", \"19\": \"A\", \"20\": \"B\", \"21\": \"A\", \"22\": \"B\", \"23\": \"C\", \"24\": \"A\", \"25\": \"A\", \"26\": \"B\", \"27\": \"C\", \"28\": \"A\", \"29\": \"A\", \"30\": \"B\", \"31\": \"A\", \"32\": \"B\", \"33\": \"C\", \"34\": \"A\", \"35\": \"A\", \"36\": \"B\", \"37\": \"C\", \"38\": \"A\", \"39\": \"A\", \"40\": \"B\"}', 80, 1770, '2026-07-20 19:40:00'),
(5, 4, 10, '{\"521\": \"A\", \"522\": \"A\", \"523\": \"D\", \"524\": \"B\", \"525\": \"A\", \"526\": \"D\", \"527\": \"A\", \"528\": \"A\", \"529\": \"D\", \"530\": \"B\", \"531\": \"A\", \"532\": \"D\", \"533\": \"A\", \"534\": \"A\", \"535\": \"D\", \"536\": \"B\", \"537\": \"A\", \"538\": \"D\", \"539\": \"A\", \"540\": \"A\", \"541\": \"D\", \"542\": \"B\", \"543\": \"A\", \"544\": \"D\", \"545\": \"A\", \"546\": \"A\", \"547\": \"D\", \"548\": \"B\", \"549\": \"A\", \"550\": \"D\"}', 66.7, 1095, '2026-07-30 08:55:00');

-- --------------------------------------------------------

--
-- Cấu trúc bảng cho bảng `roles`
--

DROP TABLE IF EXISTS `roles`;
CREATE TABLE IF NOT EXISTS `roles` (
  `role_id` int NOT NULL AUTO_INCREMENT,
  `role_name` varchar(50) CHARACTER SET utf8mb4 COLLATE utf8mb4_general_ci NOT NULL,
  PRIMARY KEY (`role_id`)
) ENGINE=InnoDB AUTO_INCREMENT=4 DEFAULT CHARSET=utf8mb4 COLLATE=utf8mb4_general_ci;

--
-- Đang đổ dữ liệu cho bảng `roles`
--

INSERT INTO `roles` (`role_id`, `role_name`) VALUES
(1, 'Admin'),
(2, 'Giáo viên'),
(3, 'Học viên');

-- --------------------------------------------------------

--
-- Cấu trúc bảng cho bảng `schedules`
--

DROP TABLE IF EXISTS `schedules`;
CREATE TABLE IF NOT EXISTS `schedules` (
  `schedule_id` int NOT NULL AUTO_INCREMENT,
  `class_id` int NOT NULL,
  `title` varchar(255) CHARACTER SET utf8mb4 COLLATE utf8mb4_general_ci NOT NULL,
  `description` text CHARACTER SET utf8mb4 COLLATE utf8mb4_general_ci,
  `study_date` date NOT NULL,
  `start_time` time NOT NULL,
  `end_time` time NOT NULL,
  `location` varchar(255) CHARACTER SET utf8mb4 COLLATE utf8mb4_general_ci DEFAULT NULL,
  PRIMARY KEY (`schedule_id`),
  KEY `fk_schedules_class` (`class_id`)
) ENGINE=InnoDB AUTO_INCREMENT=21 DEFAULT CHARSET=utf8mb4 COLLATE=utf8mb4_general_ci;

--
-- Đang đổ dữ liệu cho bảng `schedules`
--

INSERT INTO `schedules` (`schedule_id`, `class_id`, `title`, `description`, `study_date`, `start_time`, `end_time`, `location`) VALUES
(1, 1, 'Buổi 1 - Classroom English and orientation', 'Giới thiệu lộ trình lớp, cách dùng ngôn ngữ trong lớp học, và hoạt động làm quen về mục tiêu học IELTS.', '2026-07-09', '08:00:00', '10:00:00', 'Phòng A1 - NewSkyEnglish'),
(2, 1, 'Buổi 2 - Daily routines and question forms', 'Luyện nói về thói quen hằng ngày, đặt câu hỏi ngắn và sửa lỗi phát âm cơ bản.', '2026-07-11', '08:00:00', '10:00:00', 'Phòng A1 - NewSkyEnglish'),
(3, 2, 'Buổi 1 - Grammar review and connectors', 'Ôn tập thì hiện tại, quá khứ và các từ nối đối lập, bổ sung ví dụ theo chủ đề học tập.', '2026-07-10', '18:00:00', '20:00:00', 'Phòng B2 - NewSkyEnglish'),
(4, 2, 'Buổi 2 - Paragraph building workshop', 'Xây dựng đoạn văn ngắn từ ý chính, câu hỗ trợ và ví dụ đơn giản.', '2026-07-13', '18:00:00', '20:00:00', 'Phòng B2 - NewSkyEnglish'),
(5, 5, 'Buổi 1 - Task 2 opinion essay structure', 'Phân tích đề opinion essay, cách viết thesis statement và topic sentence rõ ràng.', '2026-07-15', '08:00:00', '10:00:00', 'Phòng A5 - NewSkyEnglish'),
(6, 5, 'Buổi 2 - Supporting ideas and examples', 'Luyện mở rộng ý bằng ví dụ thực tế và cách kiểm soát tính mạch lạc của bài viết.', '2026-07-18', '08:00:00', '10:00:00', 'Phòng A5 - NewSkyEnglish'),
(7, 7, 'Buổi 1 - Diagnostic mock test review', 'Chữa đề đầu vào, chỉ ra các lỗi phổ biến ở listening và reading.', '2026-07-19', '08:00:00', '10:00:00', 'Phòng C7 - NewSkyEnglish'),
(8, 7, 'Buổi 2 - Listening distractor workshop', 'Phân tích các bẫy thường gặp và kỹ thuật ghi chú nhanh khi nghe.', '2026-07-22', '08:00:00', '10:00:00', 'Phòng C7 - NewSkyEnglish'),
(9, 8, 'Buổi 1 - Band 6.5 speaking fluency', 'Luyện nói mở rộng ý, dùng từ nối tự nhiên và giữ mạch trả lời lâu hơn.', '2026-07-21', '18:00:00', '20:00:00', 'Phòng D8 - NewSkyEnglish'),
(10, 8, 'Buổi 2 - Reading inference practice', 'Giải thích cách tìm bằng chứng gián tiếp và trả lời câu hỏi suy luận trong passage khó.', '2026-07-24', '18:00:00', '20:00:00', 'Phòng D8 - NewSkyEnglish'),
(11, 21, 'Buổi 1 - Foundation reset and vocabulary', 'Khởi động lớp buổi tối với từ vựng mô tả người, nơi chốn và thói quen.', '2026-07-23', '08:30:00', '10:30:00', 'Phòng A21 - NewSkyEnglish'),
(12, 21, 'Buổi 2 - Listening for key details', 'Nghe thông tin ngắn và nhận diện ngày giờ, địa điểm, giá tiền.', '2026-07-26', '08:30:00', '10:30:00', 'Phòng A21 - NewSkyEnglish'),
(13, 22, 'Buổi 1 - TOEIC grammar baseline check', 'Kiểm tra nền tảng Part 5, các loại từ và cấu trúc câu công sở thông dụng.', '2026-07-25', '18:30:00', '20:30:00', 'Phòng B22 - NewSkyEnglish'),
(14, 22, 'Buổi 2 - Finance and office vocabulary', 'Mở rộng vốn từ về hóa đơn, lịch họp, báo cáo và quy trình làm việc.', '2026-07-28', '18:30:00', '20:30:00', 'Phòng B22 - NewSkyEnglish'),
(15, 24, 'Buổi 1 - Greeting customers naturally', 'Thực hành chào hỏi khách hàng, giới thiệu bản thân và phản hồi lịch sự trong tình huống dịch vụ.', '2026-07-27', '18:30:00', '20:30:00', 'Phòng D24 - NewSkyEnglish'),
(16, 24, 'Buổi 2 - Asking follow-up questions', 'Luyện mẫu câu hỏi tiếp nối và phản xạ giao tiếp trong hội thoại ngắn.', '2026-07-30', '18:30:00', '20:30:00', 'Phòng D24 - NewSkyEnglish'),
(17, 15, 'Buổi 1 - Full test strategy briefing', 'Giới thiệu cách phân bổ thời gian cho từng part trong đề TOEIC mô phỏng.', '2026-04-06', '08:30:00', '10:30:00', 'Phòng C15 - NewSkyEnglish'),
(18, 15, 'Buổi 2 - Answer review and timing control', 'Chữa đề đầu tiên và rèn tốc độ đọc câu hỏi trước khi nghe.', '2026-04-09', '08:30:00', '10:30:00', 'Phòng C15 - NewSkyEnglish'),
(19, 16, 'Buổi 1 - High score reading review', 'Phân tích các câu khó ở Part 7, đặc biệt là email chain và thông báo nội bộ.', '2026-04-12', '18:30:00', '20:30:00', 'Phòng D16 - NewSkyEnglish'),
(20, 16, 'Buổi 2 - Accuracy under time pressure', 'Luyện hoàn thành đề trong thời gian giới hạn và kiểm soát lỗi cuối bài.', '2026-04-15', '18:30:00', '20:30:00', 'Phòng D16 - NewSkyEnglish');

-- --------------------------------------------------------

--
-- Cấu trúc bảng cho bảng `test_classes`
--

DROP TABLE IF EXISTS `test_classes`;
CREATE TABLE IF NOT EXISTS `test_classes` (
  `test_class_id` int NOT NULL AUTO_INCREMENT,
  `mock_test_id` int NOT NULL,
  `class_id` int NOT NULL,
  `created_at` datetime DEFAULT CURRENT_TIMESTAMP,
  PRIMARY KEY (`test_class_id`),
  UNIQUE KEY `uq_test_classes_test_class` (`mock_test_id`,`class_id`),
  KEY `idx_test_classes_class` (`class_id`)
) ENGINE=InnoDB AUTO_INCREMENT=9 DEFAULT CHARSET=utf8mb4 COLLATE=utf8mb4_general_ci;

--
-- Đang đổ dữ liệu cho bảng `test_classes`
--

INSERT INTO `test_classes` (`test_class_id`, `mock_test_id`, `class_id`, `created_at`) VALUES
(1, 1, 1, '2026-07-12 10:00:00'),
(2, 1, 2, '2026-07-12 10:00:00'),
(3, 2, 21, '2026-07-15 10:00:00'),
(4, 2, 24, '2026-07-15 10:00:00'),
(5, 3, 22, '2026-07-16 10:00:00'),
(6, 4, 15, '2026-07-17 10:00:00'),
(7, 4, 16, '2026-07-17 10:00:00'),
(8, 5, 8, '2026-07-18 10:00:00');

-- --------------------------------------------------------

--
-- Cấu trúc bảng cho bảng `users`
--

DROP TABLE IF EXISTS `users`;
CREATE TABLE IF NOT EXISTS `users` (
  `user_id` int NOT NULL AUTO_INCREMENT,
  `full_name` varchar(100) CHARACTER SET utf8mb4 COLLATE utf8mb4_general_ci DEFAULT NULL,
  `email` varchar(100) CHARACTER SET utf8mb4 COLLATE utf8mb4_general_ci DEFAULT NULL,
  `password` varchar(255) CHARACTER SET utf8mb4 COLLATE utf8mb4_general_ci DEFAULT NULL,
  `phone` varchar(15) CHARACTER SET utf8mb4 COLLATE utf8mb4_general_ci DEFAULT NULL,
  `address` text CHARACTER SET utf8mb4 COLLATE utf8mb4_general_ci,
  `role_id` int DEFAULT NULL,
  `avata_url` varchar(255) CHARACTER SET utf8mb4 COLLATE utf8mb4_general_ci DEFAULT NULL,
  `created_at` datetime DEFAULT CURRENT_TIMESTAMP,
  `updated_at` datetime DEFAULT CURRENT_TIMESTAMP ON UPDATE CURRENT_TIMESTAMP,
  `is_approved` tinyint(1) DEFAULT '1',
  `status` enum('active','inactive','suspended') COLLATE utf8mb4_general_ci NOT NULL DEFAULT 'active',
  `experience` varchar(255) CHARACTER SET utf8mb4 COLLATE utf8mb4_general_ci DEFAULT NULL,
  `education` varchar(255) CHARACTER SET utf8mb4 COLLATE utf8mb4_general_ci DEFAULT NULL,
  PRIMARY KEY (`user_id`),
  UNIQUE KEY `Email` (`email`),
  KEY `fk_users_roles` (`role_id`)
) ENGINE=InnoDB AUTO_INCREMENT=153 DEFAULT CHARSET=utf8mb4 COLLATE=utf8mb4_general_ci;

--
-- Đang đổ dữ liệu cho bảng `users`
--

INSERT INTO `users` (`user_id`, `full_name`, `email`, `password`, `phone`, `address`, `role_id`, `avata_url`, `created_at`, `updated_at`, `is_approved`, `status`, `experience`, `education`) VALUES
(1, 'Lâm Huỳnh Ngọc Khánh', 'abc@gmail.com', '$2y$10$8ErG5FIU9k.QF7SfrW.MiOxmybCts.XV/fS3266jyFz7DmRW9StU6', NULL, NULL, 3, 'uploads/avatars/avatar_8_1762242848.jpg', '2025-11-04 14:53:27', '2026-03-22 20:08:28', 1, 'active', NULL, NULL),
(2, 'Trần Bảo Long', 'admin@gmail.com', '$2y$10$2jGDQuXiI2XRk3.8WrFJau3AbXwnBdn2K5AwUGrZxATDcm6pFfUbS', NULL, NULL, 1, NULL, '2025-11-04 14:01:59', '2026-03-22 20:08:57', 1, 'active', NULL, NULL),
(3, 'Văn Khắc Hải Toàn', 'abc1@gmail.com', '$2y$10$zeF8gflEbmei5EiOW.I0duVCVyOUJV2hDWEho0KJprfsobw5/Hpqy', NULL, NULL, 2, NULL, '2025-11-04 14:12:55', '2026-03-28 21:24:44', 1, 'active', NULL, NULL),
(9, 'Nguyễn Minh Tân', 'minhtan1@gmail.com', '$2y$10$abc123456789abcdefghijklmno1234567890pqrs', NULL, NULL, 3, NULL, '2025-11-20 22:50:09', '2025-11-20 22:50:09', 1, 'active', NULL, NULL),
(10, 'Trần Hữu Khang', 'khangt2@gmail.com', '$2y$10$abc123456789abcdefghijklmno1234567890pqrs', NULL, NULL, 3, NULL, '2025-11-20 22:50:09', '2025-11-20 22:50:09', 1, 'active', NULL, NULL),
(11, 'Phạm Thị Mỹ Hạnh', 'myhanh3@gmail.com', '$2y$10$abc123456789abcdefghijklmno1234567890pqrs', NULL, NULL, 3, NULL, '2025-11-20 22:50:09', '2025-11-20 22:50:09', 1, 'active', NULL, NULL),
(12, 'Lê Nhật Nam', 'nhatnam4@gmail.com', '$2y$10$abc123456789abcdefghijklmno1234567890pqrs', NULL, NULL, 3, NULL, '2025-11-20 22:50:09', '2025-11-20 22:50:09', 1, 'active', NULL, NULL),
(13, 'Võ Phúc Thịnh', 'phucthinh5@gmail.com', '$2y$10$abc123456789abcdefghijklmno1234567890pqrs', NULL, NULL, 3, NULL, '2025-11-20 22:50:09', '2025-11-20 22:50:09', 1, 'active', NULL, NULL),
(14, 'Đặng Gia Huy', 'giahuy6@gmail.com', '$2y$10$abc123456789abcdefghijklmno1234567890pqrs', NULL, NULL, 3, NULL, '2025-11-20 22:50:09', '2025-11-20 22:50:09', 1, 'active', NULL, NULL),
(15, 'Huỳnh Diệu Ly', 'dieuly7@gmail.com', '$2y$10$abc123456789abcdefghijklmno1234567890pqrs', NULL, NULL, 3, NULL, '2025-11-20 22:50:09', '2025-11-20 22:50:09', 1, 'active', NULL, NULL),
(16, 'Ngô Thảo Nhi', 'thaonhi8@gmail.com', '$2y$10$abc123456789abcdefghijklmno1234567890pqrs', NULL, NULL, 3, NULL, '2025-11-20 22:50:09', '2025-11-20 22:50:09', 1, 'active', NULL, NULL),
(17, 'Đoàn Khánh Toàn', 'khanhtoan9@gmail.com', '$2y$10$abc123456789abcdefghijklmno1234567890pqrs', NULL, NULL, 3, NULL, '2025-11-20 22:50:09', '2025-11-20 22:50:09', 1, 'active', NULL, NULL),
(18, 'Hồ Hữu Đạt', 'huudat10@gmail.com', '$2y$10$abc123456789abcdefghijklmno1234567890pqrs', NULL, NULL, 3, NULL, '2025-11-20 22:50:09', '2025-11-20 22:50:09', 1, 'active', NULL, NULL),
(19, 'Nguyễn Văn Kiệt', 'vankiet11@gmail.com', '$2y$10$abc123456789abcdefghijklmno1234567890pqrs', NULL, NULL, 3, NULL, '2025-11-20 22:50:09', '2025-11-20 22:50:09', 1, 'active', NULL, NULL),
(20, 'Bùi Thị Trúc Mai', 'trucmai12@gmail.com', '$2y$10$abc123456789abcdefghijklmno1234567890pqrs', NULL, NULL, 3, NULL, '2025-11-20 22:50:09', '2025-11-20 22:50:09', 1, 'active', NULL, NULL),
(29, 'Nguyễn Thị Thu Hà', 'eng.teacher1@example.com', '$2y$10$eW9J8D3uQp6BzYtHh1mO2O06pZxN8pCkYq8yE4T2kHcV9FgR7xUuu', NULL, NULL, 2, 'uploads/avatars/eng1.jpg', '2025-11-20 22:52:59', '2025-11-20 22:52:59', 1, 'active', '7', 'Thạc sĩ Ngôn ngữ Anh'),
(30, 'Trần Minh Hằng', 'eng.teacher2@example.com', '$2y$10$Gd4Ue8KpRf0La2TsWb3Xv1FgQn7OyHjSu3MpXl0Ht2Aq9PwJm5T1K', NULL, NULL, 2, 'uploads/avatars/eng2.jpg', '2025-11-20 22:52:59', '2025-11-20 22:52:59', 1, 'active', '6', 'Cử nhân Ngôn ngữ Anh'),
(31, 'Phạm Bảo Long', 'eng.teacher3@example.com', '$2y$10$Qo3Ld9PwTg7Na5JkZu8Qw1NhCx3TyHoBu6RkGf3Am2Ye0QpCx9KLa', NULL, NULL, 2, 'uploads/avatars/eng3.jpg', '2025-11-20 22:52:59', '2025-11-20 22:52:59', 1, 'active', '10', 'Thạc sĩ TESOL'),
(139, 'Lý Thành Lập', 'abcd@gmail.com', '$2y$12$CReDyoeRWL1LtVkaVaBzwOT9CR7wtk8pPttelfcHvVeJRKjHKhHWm', NULL, NULL, 3, NULL, '2025-11-21 23:37:05', '2025-11-21 23:37:05', 1, 'active', NULL, NULL),
(141, 'Hoàng Nhật Trường', 'zayluon@gmail.com', '$2y$12$t3rMzddW81tjOy86UQMWbu5CMDw.HP91XQJcmY7OUN072UXHN57Um', NULL, NULL, 1, NULL, '2025-12-01 00:14:45', '2025-12-01 00:15:32', 1, 'active', NULL, NULL),
(144, 'Quang Nè', 'dh52201675@student.stu.edu.vn', '$2y$12$KT19VIARHCwJMZL5/TyIA.GYlkjB1yZcOCWLYmibJyf0TAdea80u.', NULL, NULL, 3, NULL, '2025-12-02 10:57:03', '2025-12-02 10:57:03', 1, 'active', NULL, NULL),
(145, 'Hoàng Nhật Trường', 'long0961511354@gmail.com', '$2y$12$Hcs3tHM8Rfg/RnYNOEChGuAu0FHbA4bbrcneGwf7mTP.eMJYsAheq', NULL, NULL, 2, NULL, '2025-12-05 23:13:26', '2025-12-05 23:14:02', 1, 'active', NULL, NULL),
(147, 'A ha ha', 'asda@gmail.com', '$2a$10$L1ZUwZJeMGhnPtqEWfbztenaMsyDTjwpiqKNk25gOOwBl5C3JNhh.', NULL, NULL, 2, NULL, NULL, NULL, 0, 'active', NULL, NULL);

--
-- Các ràng buộc cho các bảng đã đổ
--

--
-- Các ràng buộc cho bảng `assignments`
--
ALTER TABLE `assignments`
  ADD CONSTRAINT `fk_assignments_classes` FOREIGN KEY (`class_id`) REFERENCES `classes` (`class_id`) ON DELETE CASCADE ON UPDATE CASCADE;

--
-- Các ràng buộc cho bảng `assignment_submissions`
--
ALTER TABLE `assignment_submissions`
  ADD CONSTRAINT `fk_assignmentsubmit_assignment` FOREIGN KEY (`assign_id`) REFERENCES `assignments` (`assign_id`) ON DELETE CASCADE ON UPDATE CASCADE,
  ADD CONSTRAINT `fk_assignmentsubmit_user` FOREIGN KEY (`user_id`) REFERENCES `users` (`user_id`) ON DELETE CASCADE ON UPDATE CASCADE;

--
-- Các ràng buộc cho bảng `classes`
--
ALTER TABLE `classes`
  ADD CONSTRAINT `fk_classes_courses` FOREIGN KEY (`course_id`) REFERENCES `courses` (`course_id`) ON DELETE RESTRICT ON UPDATE CASCADE,
  ADD CONSTRAINT `fk_classes_teacher` FOREIGN KEY (`teacher_id`) REFERENCES `users` (`user_id`) ON DELETE SET NULL ON UPDATE CASCADE;

--
-- Các ràng buộc cho bảng `enrollments`
--
ALTER TABLE `enrollments`
  ADD CONSTRAINT `fk_enrollments_approver` FOREIGN KEY (`approved_by`) REFERENCES `users` (`user_id`) ON DELETE SET NULL ON UPDATE CASCADE,
  ADD CONSTRAINT `fk_enrollments_class` FOREIGN KEY (`class_id`) REFERENCES `classes` (`class_id`) ON DELETE RESTRICT ON UPDATE CASCADE,
  ADD CONSTRAINT `fk_enrollments_user` FOREIGN KEY (`user_id`) REFERENCES `users` (`user_id`) ON DELETE CASCADE ON UPDATE CASCADE;

--
-- Các ràng buộc cho bảng `mock_test_submissions`
--
ALTER TABLE `mock_test_submissions`
  ADD CONSTRAINT `fk_mock_test_submissions_test` FOREIGN KEY (`mock_test_id`) REFERENCES `mock_tests` (`test_id`) ON DELETE CASCADE ON UPDATE CASCADE,
  ADD CONSTRAINT `fk_test_submissions_user` FOREIGN KEY (`user_id`) REFERENCES `users` (`user_id`) ON DELETE CASCADE;

--
-- Các ràng buộc cho bảng `notifications`
--
ALTER TABLE `notifications`
  ADD CONSTRAINT `fk_notifications_sender` FOREIGN KEY (`sender_id`) REFERENCES `users` (`user_id`) ON DELETE SET NULL;

--
-- Các ràng buộc cho bảng `notification_receivers`
--
ALTER TABLE `notification_receivers`
  ADD CONSTRAINT `fk_notification_receivers_notification` FOREIGN KEY (`notification_id`) REFERENCES `notifications` (`notification_id`) ON DELETE CASCADE ON UPDATE CASCADE,
  ADD CONSTRAINT `fk_notification_receivers_user` FOREIGN KEY (`user_id`) REFERENCES `users` (`user_id`) ON DELETE CASCADE ON UPDATE CASCADE;

--
-- Các ràng buộc cho bảng `passages`
--
ALTER TABLE `passages`
  ADD CONSTRAINT `fk_passages_assignment` FOREIGN KEY (`assign_id`) REFERENCES `assignments` (`assign_id`) ON DELETE SET NULL ON UPDATE CASCADE,
  ADD CONSTRAINT `fk_passages_mock_test` FOREIGN KEY (`mock_test_id`) REFERENCES `mock_tests` (`test_id`) ON DELETE SET NULL ON UPDATE CASCADE,
  ADD CONSTRAINT `fk_passages_quiz` FOREIGN KEY (`quiz_id`) REFERENCES `quizzes` (`quiz_id`) ON DELETE SET NULL ON UPDATE CASCADE;

--
-- Các ràng buộc cho bảng `payments`
--
ALTER TABLE `payments`
  ADD CONSTRAINT `fk_payments_enrollment` FOREIGN KEY (`enrollment_id`) REFERENCES `enrollments` (`enroll_id`) ON DELETE SET NULL ON UPDATE CASCADE;

--
-- Các ràng buộc cho bảng `questions`
--
ALTER TABLE `questions`
  ADD CONSTRAINT `fk_questions_group` FOREIGN KEY (`group_id`) REFERENCES `question_groups` (`group_id`) ON DELETE CASCADE ON UPDATE CASCADE;

--
-- Các ràng buộc cho bảng `question_groups`
--
ALTER TABLE `question_groups`
  ADD CONSTRAINT `fk_question_groups_assignment` FOREIGN KEY (`assign_id`) REFERENCES `assignments` (`assign_id`) ON DELETE CASCADE ON UPDATE CASCADE,
  ADD CONSTRAINT `fk_question_groups_mock_test` FOREIGN KEY (`mock_test_id`) REFERENCES `mock_tests` (`test_id`) ON DELETE CASCADE ON UPDATE CASCADE,
  ADD CONSTRAINT `fk_question_groups_quiz` FOREIGN KEY (`quiz_id`) REFERENCES `quizzes` (`quiz_id`) ON DELETE CASCADE ON UPDATE CASCADE;

--
-- Các ràng buộc cho bảng `quiz_classes`
--
ALTER TABLE `quiz_classes`
  ADD CONSTRAINT `fk_quiz_classes_class` FOREIGN KEY (`class_id`) REFERENCES `classes` (`class_id`) ON DELETE CASCADE ON UPDATE CASCADE,
  ADD CONSTRAINT `fk_quiz_classes_quiz` FOREIGN KEY (`quiz_id`) REFERENCES `quizzes` (`quiz_id`) ON DELETE CASCADE ON UPDATE CASCADE;

--
-- Các ràng buộc cho bảng `quiz_submissions`
--
ALTER TABLE `quiz_submissions`
  ADD CONSTRAINT `fk_quiz_submissions_quiz` FOREIGN KEY (`quiz_id`) REFERENCES `quizzes` (`quiz_id`) ON DELETE CASCADE ON UPDATE CASCADE,
  ADD CONSTRAINT `fk_quiz_submissions_user` FOREIGN KEY (`user_id`) REFERENCES `users` (`user_id`) ON DELETE CASCADE ON UPDATE CASCADE;

--
-- Các ràng buộc cho bảng `schedules`
--
ALTER TABLE `schedules`
  ADD CONSTRAINT `fk_schedules_class` FOREIGN KEY (`class_id`) REFERENCES `classes` (`class_id`) ON DELETE CASCADE ON UPDATE CASCADE;

--
-- Các ràng buộc cho bảng `test_classes`
--
ALTER TABLE `test_classes`
  ADD CONSTRAINT `fk_test_classes_class` FOREIGN KEY (`class_id`) REFERENCES `classes` (`class_id`) ON DELETE CASCADE ON UPDATE CASCADE,
  ADD CONSTRAINT `fk_test_classes_mock_test` FOREIGN KEY (`mock_test_id`) REFERENCES `mock_tests` (`test_id`) ON DELETE CASCADE ON UPDATE CASCADE;

--
-- Các ràng buộc cho bảng `users`
--
ALTER TABLE `users`
  ADD CONSTRAINT `fk_users_roles` FOREIGN KEY (`role_id`) REFERENCES `roles` (`role_id`) ON DELETE RESTRICT ON UPDATE CASCADE;
COMMIT;

/*!40101 SET CHARACTER_SET_CLIENT=@OLD_CHARACTER_SET_CLIENT */;
/*!40101 SET CHARACTER_SET_RESULTS=@OLD_CHARACTER_SET_RESULTS */;
/*!40101 SET COLLATION_CONNECTION=@OLD_COLLATION_CONNECTION */;
